ts,phase,car,config,mode,rep,mph,steer1,steer2,brake,runID,dist_m,dist_ft,avg_g,duration_s,actual_start_mph,arc_m,arc_g,steer_input,wheel_angle_deg,understeer_deg,yaw_deg,acs,yaw_rms,yaw_ratio,dmg,codekey,tele_files,wall_s,status,car_model,controller,trace_2khz
06:37:09,carcorner,etk800,DynamicABS1.pc,single,1,60,-0.2,0.0,1.0,1788788243-0001,34.7709,114.08,1.0531,2.42,60.0,35.14,1.042,0.20,6.1,3.4,28.4,100.0,26.805,0.3522,0,6b41ae38-d111e559-110747,1,19.7,OK,etk800,DynamicABS,etk800_DynamicABS_s0.20_rep1_1788788243-0001_2khz.csv
06:37:29,carcorner,etk800,DynamicABS1.pc,single,2,60,-0.2,0.0,1.0,1788788263-0002,34.8642,114.38,1.0503,2.43,60.0,35.27,1.038,0.20,6.1,3.3,29.3,100.0,26.420,0.3622,0,6b41ae38-d111e559-110747,1,19.7,OK,etk800,DynamicABS,etk800_DynamicABS_s0.20_rep2_1788788263-0002_2khz.csv
06:37:49,carcorner,etk800,DynamicABS1.pc,single,3,60,-0.2,0.0,1.0,1788788282-0003,35.0915,115.13,1.0435,2.44,60.0,35.47,1.032,0.20,6.1,3.4,28.3,100.0,26.604,0.3503,0,6b41ae38-d111e559-110747,1,19.4,OK,etk800,DynamicABS,etk800_DynamicABS_s0.20_rep3_1788788282-0003_2khz.csv
06:38:08,carcorner,etk800,DynamicABS1.pc,single,1,60,-0.5,0.0,1.0,1788788302-0004,39.6629,130.13,0.9232,2.79,60.0,41.30,0.887,0.50,15.9,10.5,58.2,96.5,83.739,0.2302,0,6b41ae38-d111e559-110747,1,18.9,OK,etk800,DynamicABS,etk800_DynamicABS_s0.50_rep1_1788788302-0004_2khz.csv
06:38:27,carcorner,etk800,DynamicABS1.pc,single,2,60,-0.5,0.0,1.0,1788788320-0005,39.2584,128.80,0.9327,2.76,60.0,40.84,0.897,0.50,16.0,10.6,57.6,97.0,84.381,0.2277,0,6b41ae38-d111e559-110747,1,19.7,OK,etk800,DynamicABS,etk800_DynamicABS_s0.50_rep2_1788788320-0005_2khz.csv
06:38:47,carcorner,etk800,DynamicABS1.pc,single,3,60,-0.5,0.0,1.0,1788788340-0006,39.2591,128.80,0.9327,2.76,60.0,40.82,0.897,0.50,15.9,10.6,57.2,97.0,84.394,0.2265,0,6b41ae38-d111e559-110747,1,19.6,OK,etk800,DynamicABS,etk800_DynamicABS_s0.50_rep3_1788788340-0006_2khz.csv
06:39:06,carcorner,etk800,DynamicABS1.pc,single,1,60,-1.0,0.0,1.0,1788788360-0007,42.2473,138.61,0.8668,2.99,60.0,44.57,0.822,1.00,34.4,27.6,70.8,93.8,227.924,0.1068,0,6b41ae38-d111e559-110747,1,18.9,OK,etk800,DynamicABS,etk800_DynamicABS_s1.00_rep1_1788788360-0007_2khz.csv
06:39:25,carcorner,etk800,DynamicABS1.pc,single,2,60,-1.0,0.0,1.0,1788788379-0008,42.7646,140.30,0.8563,3.01,60.0,45.07,0.812,1.00,34.1,27.5,70.0,93.3,226.391,0.1062,0,6b41ae38-d111e559-110747,1,19.7,OK,etk800,DynamicABS,etk800_DynamicABS_s1.00_rep2_1788788379-0008_2khz.csv
06:39:45,carcorner,etk800,DynamicABS1.pc,single,3,60,-1.0,0.0,1.0,1788788398-0009,42.8447,140.57,0.8547,3.02,60.0,45.20,0.810,1.00,34.1,27.4,70.6,93.2,226.644,0.1068,0,6b41ae38-d111e559-110747,1,19.0,OK,etk800,DynamicABS,etk800_DynamicABS_s1.00_rep3_1788788398-0009_2khz.csv
06:40:26,carcorner,etk800,StockABS1.pc,single,1,60,-0.2,0.0,1.0,1788788439-0001,41.8217,137.21,0.8756,2.86,60.0,43.41,0.844,0.20,6.1,2.7,50.3,94.3,21.771,0.5051,0,,0,18.6,OK,etk800,StockABS,
06:40:45,carcorner,etk800,StockABS1.pc,single,2,60,-0.2,0.0,1.0,1788788458-0002,41.7151,136.86,0.8778,2.86,60.0,43.32,0.845,0.20,6.1,2.7,50.8,94.4,21.806,0.5057,0,,0,18.8,OK,etk800,StockABS,
06:41:04,carcorner,etk800,StockABS1.pc,single,3,60,-0.2,0.0,1.0,1788788477-0003,41.4217,135.90,0.8840,2.85,60.0,42.93,0.853,0.20,6.1,2.6,49.4,94.7,21.993,0.5039,0,,0,18.0,OK,etk800,StockABS,
06:41:22,carcorner,etk800,StockABS1.pc,single,1,60,-0.5,0.0,1.0,1788788495-0004,47.2135,154.90,0.7756,3.31,60.0,51.02,0.718,0.50,15.9,10.7,77.5,89.2,84.407,0.2475,0,,0,18.3,OK,etk800,StockABS,
06:41:40,carcorner,etk800,StockABS1.pc,single,2,60,-0.5,0.0,1.0,1788788513-0005,46.4636,152.44,0.7881,3.29,60.0,50.34,0.727,0.50,16.0,10.6,79.4,89.9,84.372,0.2539,0,,0,18.7,OK,etk800,StockABS,
06:41:59,carcorner,etk800,StockABS1.pc,single,3,60,-0.5,0.0,1.0,1788788532-0006,46.8254,153.63,0.7820,3.32,60.0,50.80,0.721,0.50,15.9,10.6,79.6,89.6,83.849,0.2539,0,,0,18.2,OK,etk800,StockABS,
06:42:17,carcorner,etk800,StockABS1.pc,single,1,60,-1.0,0.0,1.0,1788788550-0007,50.0210,164.11,0.7321,3.57,60.0,54.61,0.670,1.00,34.4,28.4,86.6,84.4,230.833,0.1070,0,,0,18.3,OK,etk800,StockABS,
06:42:35,carcorner,etk800,StockABS1.pc,single,2,60,-1.0,0.0,1.0,1788788568-0008,49.9190,163.78,0.7335,3.54,60.0,54.24,0.675,1.00,34.3,28.5,84.2,83.7,231.074,0.1052,0,,0,18.1,OK,etk800,StockABS,
06:42:53,carcorner,etk800,StockABS1.pc,single,3,60,-1.0,0.0,1.0,1788788586-0009,50.0420,164.18,0.7317,3.55,60.0,54.45,0.672,1.00,34.3,28.4,84.9,83.9,230.803,0.1057,0,,0,18.1,OK,etk800,StockABS,
06:43:33,carcorner,etk800,StockABSTCESC1.pc,single,1,60,-0.2,0.0,1.0,1788788626-0001,42.1621,138.33,0.8685,2.87,60.0,43.72,0.838,0.20,6.1,2.8,49.5,93.9,21.848,0.4955,0,,0,18.6,OK,etk800,StockABS_TC_ESC,
06:43:52,carcorner,etk800,StockABSTCESC1.pc,single,2,60,-0.2,0.0,1.0,1788788645-0002,41.3791,135.76,0.8849,2.81,60.0,42.72,0.857,0.20,6.1,2.8,46.5,94.7,22.449,0.4782,0,,0,18.6,OK,etk800,StockABS_TC_ESC,
06:44:11,carcorner,etk800,StockABSTCESC1.pc,single,3,60,-0.2,0.0,1.0,1788788664-0003,41.8623,137.34,0.8747,2.87,60.0,43.48,0.842,0.20,6.1,2.6,50.7,94.2,21.796,0.5108,0,,0,19.0,OK,etk800,StockABS_TC_ESC,
06:44:30,carcorner,etk800,StockABSTCESC1.pc,single,1,60,-0.5,0.0,1.0,1788788683-0004,46.2935,151.88,0.7910,3.30,60.0,50.24,0.729,0.50,15.9,10.4,79.6,90.0,82.374,0.2586,0,,0,18.2,OK,etk800,StockABS_TC_ESC,
06:44:48,carcorner,etk800,StockABSTCESC1.pc,single,2,60,-0.5,0.0,1.0,1788788701-0005,46.3276,151.99,0.7904,3.33,60.0,50.53,0.725,0.50,16.1,10.6,82.3,90.0,83.944,0.2589,0,,0,19.1,OK,etk800,StockABS_TC_ESC,
06:45:07,carcorner,etk800,StockABSTCESC1.pc,single,3,60,-0.5,0.0,1.0,1788788720-0006,47.1379,154.65,0.7768,3.35,60.0,51.34,0.713,0.50,16.0,10.7,81.5,89.3,83.993,0.2558,0,,0,18.2,OK,etk800,StockABS_TC_ESC,
06:45:25,carcorner,etk800,StockABSTCESC1.pc,single,1,60,-1.0,0.0,1.0,1788788739-0007,50.3171,165.08,0.7278,3.63,60.0,55.12,0.664,1.00,34.4,28.0,90.6,84.0,228.877,0.1110,0,,0,19.2,OK,etk800,StockABS_TC_ESC,
06:45:45,carcorner,etk800,StockABSTCESC1.pc,single,2,60,-1.0,0.0,1.0,1788788758-0008,50.2693,164.93,0.7284,3.65,60.0,55.22,0.663,1.00,34.4,28.0,91.9,83.8,228.027,0.1125,0,,0,18.2,OK,etk800,StockABS_TC_ESC,
06:46:03,carcorner,etk800,StockABSTCESC1.pc,single,3,60,-1.0,0.0,1.0,1788788776-0009,50.1628,164.58,0.7300,3.58,60.0,54.65,0.670,1.00,34.4,28.3,87.2,83.6,230.655,0.1075,0,,0,18.2,OK,etk800,StockABS_TC_ESC,
06:46:43,carcorner,sbr,DynamicABS2.pc,single,1,60,-0.2,0.0,1.0,1788788816-0001,29.3850,96.41,1.2461,2.03,60.0,29.88,1.225,0.20,6.3,2.5,33.8,100.0,25.711,0.4702,0,6b41ae38-d111e559-110747,1,18.0,OK,sbr,DynamicABS,sbr_DynamicABS_s0.20_rep1_1788788816-0001_2khz.csv
06:47:01,carcorner,sbr,DynamicABS2.pc,single,2,60,-0.2,0.0,1.0,1788788834-0002,29.5320,96.89,1.2400,2.03,60.0,29.99,1.221,0.20,6.2,2.6,32.4,100.0,26.067,0.4532,0,6b41ae38-d111e559-110747,1,18.0,OK,sbr,DynamicABS,sbr_DynamicABS_s0.20_rep2_1788788834-0002_2khz.csv
06:47:19,carcorner,sbr,DynamicABS2.pc,single,3,60,-0.2,0.0,1.0,1788788851-0003,30.3655,99.62,1.2059,2.06,60.0,30.90,1.185,0.20,6.2,2.5,33.5,100.0,25.183,0.4674,0,6b41ae38-d111e559-110747,1,18.0,OK,sbr,DynamicABS,sbr_DynamicABS_s0.20_rep3_1788788851-0003_2khz.csv
06:47:37,carcorner,sbr,DynamicABS2.pc,single,1,60,-0.5,0.0,1.0,1788788870-0004,33.5299,110.01,1.0921,2.28,60.0,34.65,1.057,0.50,15.8,10.1,49.7,100.0,84.980,0.2359,0,6b41ae38-d111e559-110747,1,17.7,OK,sbr,DynamicABS,sbr_DynamicABS_s0.50_rep1_1788788870-0004_2khz.csv
06:47:55,carcorner,sbr,DynamicABS2.pc,single,2,60,-0.5,0.0,1.0,1788788887-0005,33.7655,110.78,1.0845,2.30,60.0,34.96,1.047,0.50,15.7,10.0,50.9,100.0,84.388,0.2404,0,6b41ae38-d111e559-110747,1,17.7,OK,sbr,DynamicABS,sbr_DynamicABS_s0.50_rep2_1788788887-0005_2khz.csv
06:48:12,carcorner,sbr,DynamicABS2.pc,single,3,60,-0.5,0.0,1.0,1788788905-0006,33.6764,110.49,1.0874,2.30,60.0,34.88,1.050,0.50,15.8,9.9,51.2,100.0,84.521,0.2413,0,6b41ae38-d111e559-110747,1,17.7,OK,sbr,DynamicABS,sbr_DynamicABS_s0.50_rep3_1788788905-0006_2khz.csv
06:48:30,carcorner,sbr,DynamicABS2.pc,single,1,60,-1.0,0.0,1.0,1788788923-0007,37.5042,123.05,0.9764,2.58,60.0,39.70,0.922,1.00,33.1,26.0,67.3,99.0,218.797,0.1218,0,6b41ae38-d111e559-110747,1,17.7,OK,sbr,DynamicABS,sbr_DynamicABS_s1.00_rep1_1788788923-0007_2khz.csv
06:48:48,carcorner,sbr,DynamicABS2.pc,single,2,60,-1.0,0.0,1.0,1788788940-0008,36.9403,121.20,0.9913,2.56,60.0,39.12,0.936,1.00,33.5,26.2,67.8,99.7,220.347,0.1220,0,6b41ae38-d111e559-110747,1,17.7,OK,sbr,DynamicABS,sbr_DynamicABS_s1.00_rep2_1788788940-0008_2khz.csv
06:49:05,carcorner,sbr,DynamicABS2.pc,single,3,60,-1.0,0.0,1.0,1788788958-0009,37.0755,121.64,0.9877,2.57,60.0,39.31,0.932,1.00,33.4,26.1,68.0,99.5,219.900,0.1224,0,6b41ae38-d111e559-110747,1,17.6,OK,sbr,DynamicABS,sbr_DynamicABS_s1.00_rep3_1788788958-0009_2khz.csv
06:49:45,carcorner,sbr,StockABS2.pc,single,1,60,-0.2,0.0,1.0,1788788997-0001,32.6074,106.98,1.1230,2.18,60.0,33.43,1.095,0.20,6.3,2.5,40.5,100.0,23.124,0.5069,0,,0,16.8,OK,sbr,StockABS,
06:50:02,carcorner,sbr,StockABS2.pc,single,2,60,-0.2,0.0,1.0,1788789014-0002,34.7219,113.92,1.0546,2.28,60.0,35.84,1.022,0.20,6.2,2.5,45.0,100.0,21.904,0.5342,0,,0,17.0,OK,sbr,StockABS,
06:50:19,carcorner,sbr,StockABS2.pc,single,3,60,-0.2,0.0,1.0,1788789031-0003,32.8981,107.93,1.1131,2.19,60.0,33.77,1.084,0.20,6.3,2.8,41.2,100.0,22.885,0.5038,0,,0,16.8,OK,sbr,StockABS,
06:50:36,carcorner,sbr,StockABS2.pc,single,1,60,-0.5,0.0,1.0,1788789048-0004,39.3686,129.16,0.9301,2.67,60.0,42.31,0.865,0.50,16.0,9.8,73.9,96.9,84.372,0.2807,0,,0,16.9,OK,sbr,StockABS,
06:50:53,carcorner,sbr,StockABS2.pc,single,2,60,-0.5,0.0,1.0,1788789065-0005,38.0671,124.89,0.9619,2.55,60.0,40.08,0.914,0.50,15.9,10.8,61.3,98.3,85.550,0.2473,0,,0,17.0,OK,sbr,StockABS,
06:51:10,carcorner,sbr,StockABS2.pc,single,3,60,-0.5,0.0,1.0,1788789082-0006,39.6439,130.07,0.9237,2.69,60.0,42.68,0.858,0.50,15.8,9.4,75.4,96.6,83.856,0.2873,0,,0,16.9,OK,sbr,StockABS,
06:51:27,carcorner,sbr,StockABS2.pc,single,1,60,-1.0,0.0,1.0,1788789099-0007,42.4822,139.38,0.8620,2.95,60.0,46.45,0.788,1.00,33.9,26.6,86.5,93.6,228.506,0.1282,0,,0,17.6,OK,sbr,StockABS,
06:51:44,carcorner,sbr,StockABS2.pc,single,2,60,-1.0,0.0,1.0,1788789116-0008,42.3668,139.00,0.8643,2.95,60.0,46.32,0.791,1.00,33.9,26.6,86.4,93.7,228.305,0.1282,0,,0,17.6,OK,sbr,StockABS,
06:52:02,carcorner,sbr,StockABS2.pc,single,3,60,-1.0,0.0,1.0,1788789134-0009,43.0182,141.14,0.8512,2.97,60.0,47.08,0.778,1.00,33.5,26.1,87.1,93.1,226.263,0.1298,0,,0,17.7,OK,sbr,StockABS,
06:52:42,carcorner,sbr,StockABSTCESC2.pc,single,1,60,-0.2,0.0,1.0,1788789174-0001,31.5580,103.54,1.1604,2.10,60.0,32.04,1.143,0.20,6.2,3.2,31.5,100.0,25.534,0.4200,0,,0,16.4,OK,sbr,StockABS_TC_ESC,
06:52:58,carcorner,sbr,StockABSTCESC2.pc,single,2,60,-0.2,0.0,1.0,1788789190-0002,35.2095,115.52,1.0400,2.34,60.0,36.66,0.999,0.20,6.3,2.1,51.4,100.0,21.009,0.5817,0,,0,17.0,OK,sbr,StockABS_TC_ESC,
06:53:15,carcorner,sbr,StockABSTCESC2.pc,single,3,60,-0.2,0.0,1.0,1788789207-0003,34.2102,112.24,1.0704,2.26,60.0,35.31,1.037,0.20,6.3,2.5,45.5,100.0,21.982,0.5360,0,,0,17.0,OK,sbr,StockABS_TC_ESC,
06:53:32,carcorner,sbr,StockABSTCESC2.pc,single,1,60,-0.5,0.0,1.0,1788789224-0004,39.5457,129.74,0.9260,2.67,60.0,42.48,0.862,0.50,15.9,9.6,73.9,96.7,84.187,0.2817,0,,0,16.9,OK,sbr,StockABS_TC_ESC,
06:53:49,carcorner,sbr,StockABSTCESC2.pc,single,2,60,-0.5,0.0,1.0,1788789241-0005,37.9182,124.40,0.9657,2.54,60.0,39.97,0.916,0.50,15.9,10.5,62.4,98.5,85.560,0.2521,0,,0,17.1,OK,sbr,StockABS_TC_ESC,
06:54:06,carcorner,sbr,StockABSTCESC2.pc,single,3,60,-0.5,0.0,1.0,1788789258-0006,38.7118,127.01,0.9459,2.58,60.0,40.96,0.894,0.50,15.7,10.2,64.4,97.6,84.355,0.2592,0,,0,17.0,OK,sbr,StockABS_TC_ESC,
06:54:23,carcorner,sbr,StockABSTCESC2.pc,single,1,60,-1.0,0.0,1.0,1788789276-0007,42.6036,139.78,0.8595,2.98,60.0,46.59,0.786,1.00,33.9,26.5,88.4,93.5,227.197,0.1305,0,,0,17.8,OK,sbr,StockABS_TC_ESC,
06:54:41,carcorner,sbr,StockABSTCESC2.pc,single,2,60,-1.0,0.0,1.0,1788789293-0008,42.5370,139.56,0.8609,2.96,60.0,46.52,0.787,1.00,34.0,26.3,88.6,93.5,227.994,0.1309,0,,0,17.7,OK,sbr,StockABS_TC_ESC,
06:54:59,carcorner,sbr,StockABSTCESC2.pc,single,3,60,-1.0,0.0,1.0,1788789311-0009,42.9663,140.97,0.8523,2.98,60.0,47.07,0.778,1.00,33.6,26.0,88.5,93.1,226.048,0.1315,0,,0,17.7,OK,sbr,StockABS_TC_ESC,
06:55:39,carcorner,scintilla,DynamicABS3.pc,single,1,60,-0.2,0.0,1.0,1788789352-0001,33.6760,110.49,1.0874,2.36,60.0,34.06,1.075,0.20,6.1,3.3,28.9,100.0,25.973,0.3683,0,6b41ae38-d111e559-110747,1,19.5,OK,scintilla,DynamicABS,scintilla_DynamicABS_s0.20_rep1_1788789352-0001_2khz.csv
06:55:58,carcorner,scintilla,DynamicABS3.pc,single,2,60,-0.2,0.0,1.0,1788789372-0002,44.1843,144.96,0.8288,3.20,60.0,46.75,0.783,0.20,6.4,0.8,129.9,0.0,21.376,1.1285,0,6b41ae38-d111e559-110747,1,20.3,OK,scintilla,DynamicABS,scintilla_DynamicABS_s0.20_rep2_1788789372-0002_2khz.csv
06:56:19,carcorner,scintilla,DynamicABS3.pc,single,3,60,-0.2,0.0,1.0,1788789392-0003,32.5929,106.93,1.1235,2.32,60.0,32.94,1.112,0.20,6.1,3.1,28.0,100.0,25.398,0.3749,0,6b41ae38-d111e559-110747,1,19.3,OK,scintilla,DynamicABS,scintilla_DynamicABS_s0.20_rep3_1788789392-0003_2khz.csv
06:56:38,carcorner,scintilla,DynamicABS3.pc,single,1,60,-0.5,0.0,1.0,1788789411-0004,37.1918,122.02,0.9846,2.63,60.0,38.57,0.949,0.50,15.6,10.1,55.5,99.4,81.534,0.2377,0,6b41ae38-d111e559-110747,1,18.8,OK,scintilla,DynamicABS,scintilla_DynamicABS_s0.50_rep1_1788789411-0004_2khz.csv
06:56:57,carcorner,scintilla,DynamicABS3.pc,single,2,60,-0.5,0.0,1.0,1788789430-0005,37.3913,122.67,0.9793,2.63,60.0,38.76,0.945,0.50,15.6,10.0,55.3,99.1,81.682,0.2368,0,6b41ae38-d111e559-110747,1,19.8,OK,scintilla,DynamicABS,scintilla_DynamicABS_s0.50_rep2_1788789430-0005_2khz.csv
06:57:16,carcorner,scintilla,DynamicABS3.pc,single,3,60,-0.5,0.0,1.0,1788789450-0006,36.3753,119.34,1.0067,2.60,60.0,37.75,0.970,0.50,15.4,9.9,55.2,100.0,78.659,0.2465,0,6b41ae38-d111e559-110747,1,19.0,OK,scintilla,DynamicABS,scintilla_DynamicABS_s0.50_rep3_1788789450-0006_2khz.csv
06:57:35,carcorner,scintilla,DynamicABS3.pc,single,1,60,-1.0,0.0,1.0,1788789469-0007,40.0768,131.49,0.9137,2.85,60.0,42.21,0.867,1.00,32.2,25.3,69.1,96.1,208.122,0.1196,0,6b41ae38-d111e559-110747,1,19.0,OK,scintilla,DynamicABS,scintilla_DynamicABS_s1.00_rep1_1788789469-0007_2khz.csv
06:57:54,carcorner,scintilla,DynamicABS3.pc,single,2,60,-1.0,0.0,1.0,1788789488-0008,41.2508,135.34,0.8877,2.92,60.0,43.71,0.838,1.00,32.5,25.4,77.2,94.8,209.854,0.1267,0,6b41ae38-d111e559-110747,1,18.9,OK,scintilla,DynamicABS,scintilla_DynamicABS_s1.00_rep2_1788789488-0008_2khz.csv
06:58:13,carcorner,scintilla,DynamicABS3.pc,single,3,60,-1.0,0.0,1.0,1788789507-0009,39.0846,128.23,0.9369,2.79,60.0,41.11,0.891,1.00,31.9,25.0,67.7,97.2,203.040,0.1222,0,6b41ae38-d111e559-110747,1,18.6,OK,scintilla,DynamicABS,scintilla_DynamicABS_s1.00_rep3_1788789507-0009_2khz.csv
06:58:54,carcorner,scintilla,StockABS3.pc,single,1,60,-0.2,0.0,1.0,1788789547-0001,37.3825,122.65,0.9796,2.58,60.0,38.29,0.956,0.20,6.2,3.0,40.0,99.1,24.330,0.4424,0,,0,17.8,OK,scintilla,StockABS,
06:59:12,carcorner,scintilla,StockABS3.pc,single,2,60,-0.2,0.0,1.0,1788789565-0002,36.5758,120.00,1.0012,2.52,60.0,37.26,0.983,0.20,6.2,3.2,35.7,100.0,25.299,0.4083,0,,0,18.0,OK,scintilla,StockABS,
06:59:30,carcorner,scintilla,StockABS3.pc,single,3,60,-0.2,0.0,1.0,1788789583-0003,37.0316,121.49,0.9888,2.54,60.0,37.78,0.969,0.20,6.1,3.0,37.4,99.6,24.831,0.4253,0,,0,18.9,OK,scintilla,StockABS,
06:59:49,carcorner,scintilla,StockABS3.pc,single,1,60,-0.5,0.0,1.0,1788789602-0004,43.0294,141.17,0.8510,2.95,60.0,45.22,0.810,0.50,15.7,10.7,62.7,93.1,85.281,0.2272,0,,0,18.0,OK,scintilla,StockABS,
07:00:07,carcorner,scintilla,StockABS3.pc,single,2,60,-0.5,0.0,1.0,1788789620-0005,43.7564,143.56,0.8369,2.97,60.0,46.05,0.795,0.50,15.6,10.8,62.9,92.4,85.282,0.2258,0,,0,19.0,OK,scintilla,StockABS,
07:00:26,carcorner,scintilla,StockABS3.pc,single,3,60,-0.5,0.0,1.0,1788789639-0006,42.5492,139.60,0.8606,2.93,60.0,44.76,0.818,0.50,15.8,11.0,63.0,93.5,85.344,0.2284,0,,0,18.0,OK,scintilla,StockABS,
07:00:44,carcorner,scintilla,StockABS3.pc,single,1,60,-1.0,0.0,1.0,1788789657-0007,47.3343,155.30,0.7736,3.27,60.0,50.82,0.721,1.00,32.4,26.6,78.2,89.1,217.762,0.1112,0,,0,18.6,OK,scintilla,StockABS,
07:01:03,carcorner,scintilla,StockABS3.pc,single,2,60,-1.0,0.0,1.0,1788789676-0008,47.3034,155.19,0.7741,3.27,60.0,50.70,0.722,1.00,32.3,26.7,76.4,89.2,216.784,0.1096,0,,0,18.4,OK,scintilla,StockABS,
07:04:06,carcorner,scintilla,StockABS3.pc,single,3,60,-1.0,0.0,1.0,1788789860-0009,47.1909,154.83,0.7760,3.26,60.0,50.56,0.724,1.00,32.4,26.7,76.9,89.3,217.863,0.1097,0,,0,18.5,OK,scintilla,StockABS,
07:04:47,carcorner,scintilla,StockABSESCTC3.pc,single,1,60,-0.2,0.0,1.0,1788789900-0001,37.8784,124.27,0.9667,2.58,60.0,38.73,0.945,0.20,6.1,3.2,38.2,98.6,24.464,0.4243,0,,0,17.8,OK,scintilla,StockABS_TC_ESC,
07:05:05,carcorner,scintilla,StockABSESCTC3.pc,single,2,60,-0.2,0.0,1.0,1788789918-0002,37.5068,123.05,0.9763,2.55,60.0,38.27,0.957,0.20,6.1,3.2,36.3,99.0,24.844,0.4101,0,,0,18.0,OK,scintilla,StockABS_TC_ESC,
07:05:23,carcorner,scintilla,StockABSESCTC3.pc,single,3,60,-0.2,0.0,1.0,1788789936-0003,36.7870,120.69,0.9954,2.54,60.0,37.60,0.974,0.20,6.2,3.0,38.6,99.9,24.727,0.4327,0,,0,18.1,OK,scintilla,StockABS_TC_ESC,
07:05:41,carcorner,scintilla,StockABSESCTC3.pc,single,1,60,-0.5,0.0,1.0,1788789954-0004,43.2930,142.04,0.8458,2.98,60.0,45.73,0.801,0.50,15.6,10.7,65.5,92.8,84.165,0.2362,0,,0,17.9,OK,scintilla,StockABS_TC_ESC,
07:05:59,carcorner,scintilla,StockABSESCTC3.pc,single,2,60,-0.5,0.0,1.0,1788789972-0005,42.5292,139.53,0.8610,2.98,60.0,45.17,0.811,0.50,15.6,10.3,68.6,93.5,81.578,0.2521,0,,0,18.1,OK,scintilla,StockABS_TC_ESC,
07:06:17,carcorner,scintilla,StockABSESCTC3.pc,single,3,60,-0.5,0.0,1.0,1788789990-0006,43.2094,141.76,0.8475,2.98,60.0,45.69,0.801,0.50,15.7,10.8,65.9,92.9,84.501,0.2360,0,,0,18.8,OK,scintilla,StockABS_TC_ESC,
07:06:36,carcorner,scintilla,StockABSESCTC3.pc,single,1,60,-1.0,0.0,1.0,1788790009-0007,47.9775,157.41,0.7632,3.41,60.0,52.18,0.702,1.00,32.4,26.5,85.9,88.6,213.506,0.1191,0,,0,18.1,OK,scintilla,StockABS_TC_ESC,
07:06:54,carcorner,scintilla,StockABSESCTC3.pc,single,2,60,-1.0,0.0,1.0,1788790027-0008,47.7407,156.63,0.7670,3.37,60.0,51.61,0.710,1.00,32.6,26.8,82.6,88.8,215.413,0.1148,0,,0,18.0,OK,scintilla,StockABS_TC_ESC,
07:07:12,carcorner,scintilla,StockABSESCTC3.pc,single,3,60,-1.0,0.0,1.0,1788790045-0009,47.8383,156.95,0.7654,3.39,60.0,51.89,0.706,1.00,32.5,26.7,84.3,88.7,214.538,0.1169,0,,0,18.1,OK,scintilla,StockABS_TC_ESC,
07:07:52,carcorner,roamer,DynamicABS5.pc,single,1,60,-0.2,0.0,1.0,1788790085-0001,46.2131,151.62,0.7924,3.25,60.0,47.06,0.778,0.20,6.0,4.2,33.4,82.2,26.256,0.3118,0,6b41ae38-d111e559-110747,1,18.8,OK,roamer,DynamicABS,roamer_DynamicABS_s0.20_rep1_1788790085-0001_2khz.csv
07:08:11,carcorner,roamer,DynamicABS5.pc,single,2,60,-0.2,0.0,1.0,1788790104-0002,46.3621,152.11,0.7898,3.25,60.0,47.10,0.778,0.20,6.1,4.4,31.3,82.2,27.619,0.2848,0,6b41ae38-d111e559-110747,1,19.1,OK,roamer,DynamicABS,roamer_DynamicABS_s0.20_rep2_1788790104-0002_2khz.csv
07:08:30,carcorner,roamer,DynamicABS5.pc,single,3,60,-0.2,0.0,1.0,1788790123-0003,45.2461,148.45,0.8093,3.18,60.0,45.72,0.801,0.20,6.0,4.7,25.0,82.8,28.268,0.2410,0,6b41ae38-d111e559-110747,1,18.9,OK,roamer,DynamicABS,roamer_DynamicABS_s0.20_rep3_1788790123-0003_2khz.csv
07:08:49,carcorner,roamer,DynamicABS5.pc,single,1,60,-0.5,0.0,1.0,1788790142-0004,54.0462,177.32,0.6775,3.74,60.0,56.43,0.649,0.50,15.4,12.6,55.3,73.1,86.192,0.1632,0,6b41ae38-d111e559-110747,1,18.5,OK,roamer,DynamicABS,roamer_DynamicABS_s0.50_rep1_1788790142-0004_2khz.csv
07:09:07,carcorner,roamer,DynamicABS5.pc,single,2,60,-0.5,0.0,1.0,1788790160-0005,54.5767,179.06,0.6709,3.76,60.0,57.10,0.641,0.50,15.3,12.3,56.9,72.1,85.586,0.1683,0,6b41ae38-d111e559-110747,1,19.4,OK,roamer,DynamicABS,roamer_DynamicABS_s0.50_rep2_1788790160-0005_2khz.csv
07:09:27,carcorner,roamer,DynamicABS5.pc,single,3,60,-0.5,0.0,1.0,1788790180-0006,55.0543,180.62,0.6651,3.79,60.0,57.59,0.636,0.50,15.3,12.6,55.9,72.1,85.624,0.1641,0,6b41ae38-d111e559-110747,1,19.3,OK,roamer,DynamicABS,roamer_DynamicABS_s0.50_rep3_1788790180-0006_2khz.csv
07:09:46,carcorner,roamer,DynamicABS5.pc,single,1,60,-1.0,0.0,1.0,1788790199-0007,58.7455,192.73,0.6233,4.53,60.0,64.25,0.570,1.00,33.4,26.5,90.5,69.0,215.267,0.0985,0,6b41ae38-d111e559-110747,1,19.6,OK,roamer,DynamicABS,roamer_DynamicABS_s1.00_rep1_1788790199-0007_2khz.csv
07:10:06,carcorner,roamer,DynamicABS5.pc,single,2,60,-1.0,0.0,1.0,1788790219-0008,59.3070,194.58,0.6174,4.52,60.0,64.81,0.565,1.00,33.2,26.5,89.6,67.5,214.975,0.0981,0,6b41ae38-d111e559-110747,1,19.4,OK,roamer,DynamicABS,roamer_DynamicABS_s1.00_rep2_1788790219-0008_2khz.csv
07:10:25,carcorner,roamer,DynamicABS5.pc,single,3,60,-1.0,0.0,1.0,1788790238-0009,58.8481,193.07,0.6222,4.66,60.0,64.79,0.565,1.00,33.4,26.1,94.5,68.2,212.197,0.1023,0,6b41ae38-d111e559-110747,1,19.5,OK,roamer,DynamicABS,roamer_DynamicABS_s1.00_rep3_1788790238-0009_2khz.csv
07:11:06,carcorner,roamer,StockABS5.pc,single,1,60,-0.2,0.0,1.0,1788790279-0001,49.6732,162.97,0.7372,3.46,60.0,51.26,0.714,0.20,6.0,3.3,45.8,78.6,25.388,0.3910,0,,0,18.4,OK,roamer,StockABS,
07:11:25,carcorner,roamer,StockABS5.pc,single,2,60,-0.2,0.0,1.0,1788790297-0002,59.7600,196.06,0.6127,4.54,60.0,66.01,0.555,0.20,6.1,2.4,81.3,67.4,21.206,0.5280,0,,0,18.2,OK,roamer,StockABS,
07:11:43,carcorner,roamer,StockABS5.pc,single,3,60,-0.2,0.0,1.0,1788790316-0003,60.5180,198.55,0.6051,4.59,60.0,66.50,0.551,0.20,6.1,2.7,77.6,66.6,21.438,0.4980,0,,0,17.8,OK,roamer,StockABS,
07:12:01,carcorner,roamer,StockABS5.pc,single,1,60,-0.5,0.0,1.0,1788790334-0004,62.2409,204.20,0.5883,4.57,60.0,69.91,0.524,0.50,15.4,10.5,97.5,66.3,83.893,0.2316,0,,0,17.8,OK,roamer,StockABS,
07:12:19,carcorner,roamer,StockABS5.pc,single,2,60,-0.5,0.0,1.0,1788790351-0005,56.9084,186.71,0.6435,4.03,60.0,61.00,0.600,0.50,15.3,10.9,74.8,71.2,84.368,0.2061,0,,0,17.5,OK,roamer,StockABS,
07:12:36,carcorner,roamer,StockABS5.pc,single,3,60,-0.5,0.0,1.0,1788790369-0006,61.2068,200.81,0.5983,4.50,60.0,68.60,0.534,0.50,15.3,10.4,96.2,68.1,82.209,0.2363,0,,0,18.4,OK,roamer,StockABS,
07:12:55,carcorner,roamer,StockABS5.pc,single,1,60,-1.0,0.0,1.0,1788790388-0007,64.1105,210.34,0.5712,4.70,60.0,71.45,0.512,1.00,33.6,28.2,98.9,64.2,225.139,0.0963,0,,0,18.7,OK,roamer,StockABS,
07:13:14,carcorner,roamer,StockABS5.pc,single,2,60,-1.0,0.0,1.0,1788790406-0008,63.8286,209.41,0.5737,4.70,60.0,71.15,0.515,1.00,33.7,28.2,99.5,65.0,225.851,0.0965,0,,0,18.5,OK,roamer,StockABS,
07:13:32,carcorner,roamer,StockABS5.pc,single,3,60,-1.0,0.0,1.0,1788790425-0009,60.7742,199.39,0.6025,4.39,60.0,66.19,0.553,1.00,33.5,28.4,86.8,67.3,223.675,0.0914,0,,0,18.4,OK,roamer,StockABS,
