ts,phase,car,config,mode,rep,mph,steer1,steer2,brake,runID,dist_m,dist_ft,avg_g,duration_s,actual_start_mph,arc_m,arc_g,steer_input,wheel_angle_deg,understeer_deg,yaw_deg,acs,yaw_rms,yaw_ratio,dmg,codekey,tele_files,wall_s,status,build,controller,trace_2khz
21:07:13,shootout,etk800,StockABS1.pc,straight,1,60,0.0,0.0,1.0,1788754046-0001,33.1086,108.62,1.1060,2.32,60.0,33.11,1.106,0.00,0.2,0.1,0.8,0.0,1.131,0.2777,0,,0,18.2,OK,stock_ref_0,StockABS,
21:07:37,shootout,etk800,StockABS1.pc,straight,2,60,0.0,0.0,1.0,1788754071-0002,32.4988,106.62,1.1268,2.30,60.0,32.50,1.127,0.00,0.2,0.1,0.9,0.0,1.112,0.3153,0,,0,19.6,OK,stock_ref_0,StockABS,
21:08:03,shootout,etk800,StockABS1.pc,straight,3,60,0.0,0.0,1.0,1788754096-0003,33.6542,110.41,1.0881,2.35,60.0,33.65,1.088,0.00,0.2,0.1,0.8,0.0,1.123,0.2871,0,,0,18.2,OK,stock_ref_0,StockABS,
21:08:27,shootout,etk800,StockABS1.pc,straight,1,120,0.0,0.0,1.0,1788754122-0004,126.4381,414.82,1.1597,4.57,120.0,126.44,1.160,0.00,0.2,0.2,1.9,0.0,2.593,0.1667,0,,0,20.8,OK,stock_ref_0,StockABS,
21:08:53,shootout,etk800,StockABS1.pc,straight,2,120,0.0,0.0,1.0,1788754149-0005,125.6358,412.19,1.1671,4.55,120.0,125.64,1.167,0.00,0.2,0.2,2.2,0.0,2.537,0.1890,0,,0,21.1,OK,stock_ref_0,StockABS,
21:09:20,shootout,etk800,StockABS1.pc,straight,3,120,0.0,0.0,1.0,1788754175-0006,124.7462,409.27,1.1754,4.54,120.0,124.75,1.175,0.00,0.2,0.2,1.9,0.0,2.611,0.1651,0,,0,21.0,OK,stock_ref_0,StockABS,
21:10:07,shootout,etk800,DynamicABS1.pc,straight,1,60,0.0,0.0,1.0,1788754222-0001,32.3571,106.16,1.1317,2.26,60.0,32.36,1.132,0.00,0.2,0.1,0.9,0.0,1.059,0.3389,0,,0,19.8,OK,ABS-1F,DynamicABS,
21:10:33,shootout,etk800,DynamicABS1.pc,straight,2,60,0.0,0.0,1.0,1788754247-0002,31.8884,104.62,1.1483,2.25,60.0,31.89,1.148,0.00,0.2,0.1,1.0,0.0,1.112,0.3619,0,,0,19.6,OK,ABS-1F,DynamicABS,
21:10:58,shootout,etk800,DynamicABS1.pc,straight,3,60,0.0,0.0,1.0,1788754272-0003,32.5238,106.71,1.1259,2.27,60.0,32.52,1.126,0.00,0.2,0.1,1.0,0.0,1.042,0.3837,0,,0,20.0,OK,ABS-1F,DynamicABS,
21:11:24,shootout,etk800,DynamicABS1.pc,straight,1,120,0.0,0.0,1.0,1788754300-0004,126.4567,414.88,1.1595,4.54,120.0,126.46,1.159,0.00,0.2,0.2,2.0,0.0,2.450,0.1820,0,,0,21.4,OK,ABS-1F,DynamicABS,
21:11:51,shootout,etk800,DynamicABS1.pc,straight,2,120,0.0,0.0,1.0,1788754327-0005,126.2898,414.34,1.1610,4.54,120.0,126.29,1.161,0.00,0.2,0.2,2.1,0.0,2.440,0.1852,0,,0,21.9,OK,ABS-1F,DynamicABS,
21:12:19,shootout,etk800,DynamicABS1.pc,straight,3,120,0.0,0.0,1.0,1788754355-0006,126.0402,413.52,1.1633,4.54,120.0,126.04,1.163,0.00,0.2,0.2,2.2,0.0,2.433,0.1966,0,,0,21.7,OK,ABS-1F,DynamicABS,
21:13:10,shootout,etk800,DynamicABS1.pc,straight,1,60,0.0,0.0,1.0,1788754404-0001,31.7413,104.14,1.1536,2.25,60.0,31.74,1.154,0.00,0.2,0.1,1.0,0.0,1.145,0.3495,0,8dd7877c-132be163-62802,1,20.6,OK,V1.09,DynamicABS,V1.09_DynamicABS_60mph_rep1_1788754404-0001_2khz.csv
21:13:36,shootout,etk800,DynamicABS1.pc,straight,2,60,0.0,0.0,1.0,1788754430-0002,32.7435,107.43,1.1183,2.28,60.0,32.74,1.118,0.00,0.2,0.1,0.9,0.0,1.137,0.3291,0,8dd7877c-132be163-62802,1,19.5,OK,V1.09,DynamicABS,V1.09_DynamicABS_60mph_rep2_1788754430-0002_2khz.csv
21:14:01,shootout,etk800,DynamicABS1.pc,straight,3,60,0.0,0.0,1.0,1788754454-0003,32.4666,106.52,1.1279,2.28,60.0,32.47,1.128,0.00,0.2,0.1,1.0,0.0,1.118,0.3501,0,8dd7877c-132be163-62802,1,19.1,OK,V1.09,DynamicABS,V1.09_DynamicABS_60mph_rep3_1788754454-0003_2khz.csv
21:14:26,shootout,etk800,DynamicABS1.pc,straight,1,120,0.0,0.0,1.0,1788754481-0004,124.1288,407.25,1.1812,4.51,120.0,124.13,1.181,0.00,0.2,0.2,2.1,0.0,2.511,0.1890,0,8dd7877c-132be163-62802,1,22.0,OK,V1.09,DynamicABS,V1.09_DynamicABS_120mph_rep1_1788754481-0004_2khz.csv
21:14:53,shootout,etk800,DynamicABS1.pc,straight,2,120,0.0,0.0,1.0,1788754509-0005,126.0366,413.51,1.1633,4.55,120.0,126.04,1.163,0.00,0.2,0.2,2.1,0.0,2.502,0.1874,0,8dd7877c-132be163-62802,1,22.0,OK,V1.09,DynamicABS,V1.09_DynamicABS_120mph_rep2_1788754509-0005_2khz.csv
21:15:21,shootout,etk800,DynamicABS1.pc,straight,3,120,0.0,0.0,1.0,1788754538-0006,125.1154,410.48,1.1719,4.53,120.0,125.12,1.172,0.00,0.2,0.2,2.2,0.0,2.501,0.1915,0,8dd7877c-132be163-62802,1,24.6,OK,V1.09,DynamicABS,V1.09_DynamicABS_120mph_rep3_1788754538-0006_2khz.csv
21:16:12,shootout,etk800,DynamicABS1.pc,straight,1,60,0.0,0.0,1.0,1788754585-0001,32.2899,105.94,1.1340,2.27,60.0,32.29,1.134,0.00,0.2,0.1,0.9,0.0,1.109,0.3270,0,96a14840-8590b173-63081,1,19.0,OK,V1.10,DynamicABS,V1.10_DynamicABS_60mph_rep1_1788754585-0001_2khz.csv
21:16:36,shootout,etk800,DynamicABS1.pc,straight,2,60,0.0,0.0,1.0,1788754610-0002,32.8883,107.90,1.1134,2.29,60.0,32.89,1.113,0.00,0.2,0.1,0.9,0.0,1.136,0.3251,0,96a14840-8590b173-63081,1,19.4,OK,V1.10,DynamicABS,V1.10_DynamicABS_60mph_rep2_1788754610-0002_2khz.csv
21:17:01,shootout,etk800,DynamicABS1.pc,straight,3,60,0.0,0.0,1.0,1788754635-0003,31.9428,104.80,1.1464,2.26,60.0,31.94,1.146,0.00,0.2,0.1,0.9,0.0,1.113,0.3172,0,96a14840-8590b173-63081,1,19.2,OK,V1.10,DynamicABS,V1.10_DynamicABS_60mph_rep3_1788754635-0003_2khz.csv
21:17:26,shootout,etk800,DynamicABS1.pc,straight,1,120,0.0,0.0,1.0,1788754661-0004,125.9298,413.16,1.1643,4.56,120.0,125.93,1.164,0.00,0.2,0.2,2.2,0.0,2.498,0.1961,0,96a14840-8590b173-63081,1,23.0,OK,V1.10,DynamicABS,V1.10_DynamicABS_120mph_rep1_1788754661-0004_2khz.csv
21:17:54,shootout,etk800,DynamicABS1.pc,straight,2,120,0.0,0.0,1.0,1788754690-0005,126.5516,415.20,1.1586,4.58,120.0,126.55,1.159,0.00,0.2,0.2,2.1,0.0,2.477,0.1893,0,96a14840-8590b173-63081,1,22.1,OK,V1.10,DynamicABS,V1.10_DynamicABS_120mph_rep2_1788754690-0005_2khz.csv
21:18:22,shootout,etk800,DynamicABS1.pc,straight,3,120,0.0,0.0,1.0,1788754718-0006,126.4342,414.81,1.1597,4.57,120.0,126.43,1.160,0.00,0.2,0.2,2.1,0.0,2.494,0.1821,0,96a14840-8590b173-63081,1,22.2,OK,V1.10,DynamicABS,V1.10_DynamicABS_120mph_rep3_1788754718-0006_2khz.csv
21:19:11,shootout,etk800,DynamicABS1.pc,straight,1,60,0.0,0.0,1.0,1788754766-0001,32.1392,105.44,1.1394,2.26,60.0,32.14,1.139,0.00,0.2,0.1,0.9,0.0,1.122,0.3189,0,c71b1a18-63bbf815-63560,1,20.7,OK,V1.12,DynamicABS,V1.12_DynamicABS_60mph_rep1_1788754766-0001_2khz.csv
21:19:37,shootout,etk800,DynamicABS1.pc,straight,2,60,0.0,0.0,1.0,1788754791-0002,32.4058,106.32,1.1300,2.28,60.0,32.41,1.130,0.00,0.2,0.1,0.9,0.0,1.144,0.3230,0,c71b1a18-63bbf815-63560,1,19.6,OK,V1.12,DynamicABS,V1.12_DynamicABS_60mph_rep2_1788754791-0002_2khz.csv
21:20:02,shootout,etk800,DynamicABS1.pc,straight,3,60,0.0,0.0,1.0,1788754816-0003,32.2764,105.89,1.1345,2.26,60.0,32.28,1.135,0.00,0.2,0.1,0.9,0.0,1.118,0.3201,0,c71b1a18-63bbf815-63560,1,19.0,OK,V1.12,DynamicABS,V1.12_DynamicABS_60mph_rep3_1788754816-0003_2khz.csv
21:20:27,shootout,etk800,DynamicABS1.pc,straight,1,120,0.0,0.0,1.0,1788754842-0004,124.7952,409.43,1.1749,4.53,120.0,124.80,1.175,0.00,0.2,0.2,2.1,0.0,2.510,0.1900,0,c71b1a18-63bbf815-63560,1,22.7,OK,V1.12,DynamicABS,V1.12_DynamicABS_120mph_rep1_1788754842-0004_2khz.csv
21:20:55,shootout,etk800,DynamicABS1.pc,straight,2,120,0.0,0.0,1.0,1788754872-0005,125.2324,410.87,1.1708,4.54,120.0,125.23,1.171,0.00,0.2,0.2,2.1,0.0,2.517,0.1809,0,c71b1a18-63bbf815-63560,1,23.8,OK,V1.12,DynamicABS,V1.12_DynamicABS_120mph_rep2_1788754872-0005_2khz.csv
21:21:24,shootout,etk800,DynamicABS1.pc,straight,3,120,0.0,0.0,1.0,1788754902-0006,124.4368,408.26,1.1783,4.52,120.0,124.44,1.178,0.00,0.2,0.2,2.2,0.0,2.492,0.1968,0,c71b1a18-63bbf815-63560,1,23.9,OK,V1.12,DynamicABS,V1.12_DynamicABS_120mph_rep3_1788754902-0006_2khz.csv
21:22:16,shootout,etk800,DynamicABS1.pc,straight,1,60,0.0,0.0,1.0,1788754951-0001,32.3332,106.08,1.1325,2.27,60.0,32.33,1.133,0.00,0.2,0.1,0.9,0.0,1.132,0.3398,0,42ffe873-c27128b4-64110,1,21.2,OK,V1.15,DynamicABS,V1.15_DynamicABS_60mph_rep1_1788754951-0001_2khz.csv
21:22:43,shootout,etk800,DynamicABS1.pc,straight,2,60,0.0,0.0,1.0,1788754978-0002,31.8798,104.59,1.1486,2.25,60.0,31.88,1.149,0.00,0.2,0.1,0.9,0.0,1.131,0.3153,0,42ffe873-c27128b4-64110,1,21.6,OK,V1.15,DynamicABS,V1.15_DynamicABS_60mph_rep2_1788754978-0002_2khz.csv
21:23:10,shootout,etk800,DynamicABS1.pc,straight,3,60,0.0,0.0,1.0,1788755005-0003,31.7954,104.32,1.1517,2.25,60.0,31.80,1.152,0.00,0.2,0.1,0.9,0.0,1.108,0.3233,0,42ffe873-c27128b4-64110,1,21.9,OK,V1.15,DynamicABS,V1.15_DynamicABS_60mph_rep3_1788755005-0003_2khz.csv
21:23:38,shootout,etk800,DynamicABS1.pc,straight,1,120,0.0,0.0,1.0,1788755035-0004,126.2178,414.10,1.1617,4.55,120.0,126.22,1.162,0.00,0.2,0.2,2.1,0.0,2.493,0.1873,0,42ffe873-c27128b4-64110,1,23.7,OK,V1.15,DynamicABS,V1.15_DynamicABS_120mph_rep1_1788755035-0004_2khz.csv
21:24:07,shootout,etk800,DynamicABS1.pc,straight,2,120,0.0,0.0,1.0,1788755065-0005,125.3762,411.34,1.1695,4.54,120.0,125.38,1.169,0.00,0.2,0.2,2.2,0.0,2.508,0.1915,0,42ffe873-c27128b4-64110,1,24.8,OK,V1.15,DynamicABS,V1.15_DynamicABS_120mph_rep2_1788755065-0005_2khz.csv
21:24:38,shootout,etk800,DynamicABS1.pc,straight,3,120,0.0,0.0,1.0,1788755096-0006,124.3899,408.10,1.1787,4.52,120.0,124.39,1.179,0.00,0.2,0.2,2.2,0.0,2.511,0.1913,0,42ffe873-c27128b4-64110,1,25.0,OK,V1.15,DynamicABS,V1.15_DynamicABS_120mph_rep3_1788755096-0006_2khz.csv
21:25:32,shootout,etk800,DynamicABS1.pc,straight,1,60,0.0,0.0,1.0,1788755147-0001,32.2055,105.66,1.1370,2.29,60.0,32.21,1.137,0.00,0.2,0.2,0.7,0.0,1.171,0.2476,0,b5b962f3-aff03c3a-118396,1,21.6,OK,V1.16,DynamicABS,V1.16_DynamicABS_60mph_rep1_1788755147-0001_2khz.csv
21:25:59,shootout,etk800,DynamicABS1.pc,straight,2,60,0.0,0.0,1.0,1788755173-0002,32.2039,105.66,1.1371,2.29,60.0,32.20,1.137,0.00,0.2,0.1,0.8,0.0,1.143,0.2952,0,b5b962f3-aff03c3a-118396,1,20.1,OK,V1.16,DynamicABS,V1.16_DynamicABS_60mph_rep2_1788755173-0002_2khz.csv
21:26:25,shootout,etk800,DynamicABS1.pc,straight,3,60,0.0,0.0,1.0,1788755201-0003,31.9610,104.86,1.1457,2.28,60.0,31.96,1.146,0.00,0.2,0.1,0.8,0.0,1.137,0.2958,0,b5b962f3-aff03c3a-118396,1,21.9,OK,V1.16,DynamicABS,V1.16_DynamicABS_60mph_rep3_1788755201-0003_2khz.csv
21:26:52,shootout,etk800,DynamicABS1.pc,straight,1,120,0.0,0.0,1.0,1788755229-0004,123.3631,404.73,1.1886,4.51,120.0,123.36,1.189,0.00,0.2,0.2,1.9,0.0,2.592,0.1693,0,b5b962f3-aff03c3a-118396,1,23.7,OK,V1.16,DynamicABS,V1.16_DynamicABS_120mph_rep1_1788755229-0004_2khz.csv
21:27:21,shootout,etk800,DynamicABS1.pc,straight,2,120,0.0,0.0,1.0,1788755258-0005,123.5003,405.18,1.1872,4.52,120.0,123.50,1.187,0.00,0.2,0.2,2.1,0.0,2.571,0.1810,0,b5b962f3-aff03c3a-118396,1,23.4,OK,V1.16,DynamicABS,V1.16_DynamicABS_120mph_rep2_1788755258-0005_2khz.csv
21:27:50,shootout,etk800,DynamicABS1.pc,straight,3,120,0.0,0.0,1.0,1788755287-0006,124.3553,407.99,1.1791,4.53,120.0,124.36,1.179,0.00,0.2,0.2,2.0,0.0,2.573,0.1752,0,b5b962f3-aff03c3a-118396,1,23.7,OK,V1.16,DynamicABS,V1.16_DynamicABS_120mph_rep3_1788755287-0006_2khz.csv
21:28:43,shootout,etk800,DynamicABS1.pc,straight,1,60,0.0,0.0,1.0,1788755337-0001,32.3492,106.13,1.1320,2.27,60.0,32.35,1.132,0.00,0.2,0.1,1.0,0.0,1.081,0.3535,0,8e0fb107-d63891d2-67605,1,20.3,OK,V1.17,DynamicABS,V1.17_DynamicABS_60mph_rep1_1788755337-0001_2khz.csv
21:29:09,shootout,etk800,DynamicABS1.pc,straight,2,60,0.0,0.0,1.0,1788755365-0002,32.3823,106.24,1.1308,2.27,60.0,32.38,1.131,0.00,0.2,0.1,0.9,0.0,1.099,0.3429,0,8e0fb107-d63891d2-67605,1,21.9,OK,V1.17,DynamicABS,V1.17_DynamicABS_60mph_rep2_1788755365-0002_2khz.csv
21:29:37,shootout,etk800,DynamicABS1.pc,straight,3,60,0.0,0.0,1.0,1788755394-0003,32.2451,105.79,1.1356,2.27,60.0,32.25,1.136,0.00,0.2,0.1,0.9,0.0,1.088,0.3305,0,8e0fb107-d63891d2-67605,1,24.7,OK,V1.17,DynamicABS,V1.17_DynamicABS_60mph_rep3_1788755394-0003_2khz.csv
21:30:08,shootout,etk800,DynamicABS1.pc,straight,1,120,0.0,0.0,1.0,1788755426-0004,125.2916,411.06,1.1703,4.54,120.0,125.29,1.170,0.00,0.2,0.2,2.2,0.0,2.500,0.1969,0,8e0fb107-d63891d2-67605,1,27.5,OK,V1.17,DynamicABS,V1.17_DynamicABS_120mph_rep1_1788755426-0004_2khz.csv
21:30:41,shootout,etk800,DynamicABS1.pc,straight,2,120,0.0,0.0,1.0,1788755460-0005,125.2514,410.93,1.1706,4.54,120.0,125.25,1.171,0.00,0.2,0.2,2.3,0.0,2.514,0.1998,0,8e0fb107-d63891d2-67605,1,25.7,OK,V1.17,DynamicABS,V1.17_DynamicABS_120mph_rep2_1788755460-0005_2khz.csv
21:31:12,shootout,etk800,DynamicABS1.pc,straight,3,120,0.0,0.0,1.0,1788755490-0006,124.9405,409.91,1.1736,4.53,120.0,124.94,1.174,0.00,0.2,0.2,2.1,0.0,2.510,0.1868,0,8e0fb107-d63891d2-67605,1,24.9,OK,V1.17,DynamicABS,V1.17_DynamicABS_120mph_rep3_1788755490-0006_2khz.csv
21:32:05,shootout,etk800,DynamicABS1.pc,straight,1,60,0.0,0.0,1.0,1788755539-0001,32.0954,105.30,1.1409,2.26,60.0,32.10,1.141,0.00,0.2,0.1,0.9,0.0,1.101,0.3317,0,133256cc-dfc3a81f-72166,1,20.8,OK,V1.44,DynamicABS,V1.44_DynamicABS_60mph_rep1_1788755539-0001_2khz.csv
21:32:32,shootout,etk800,DynamicABS1.pc,straight,2,60,0.0,0.0,1.0,1788755566-0002,32.2635,105.85,1.1350,2.26,60.0,32.26,1.135,0.00,0.2,0.1,0.9,0.0,1.117,0.3088,0,133256cc-dfc3a81f-72166,1,20.2,OK,V1.44,DynamicABS,V1.44_DynamicABS_60mph_rep2_1788755566-0002_2khz.csv
21:32:58,shootout,etk800,DynamicABS1.pc,straight,3,60,0.0,0.0,1.0,1788755592-0003,31.8003,104.33,1.1515,2.25,60.0,31.80,1.151,0.00,0.2,0.1,0.9,0.0,1.158,0.3348,0,133256cc-dfc3a81f-72166,1,19.9,OK,V1.44,DynamicABS,V1.44_DynamicABS_60mph_rep3_1788755592-0003_2khz.csv
21:33:23,shootout,etk800,DynamicABS1.pc,straight,1,120,0.0,0.0,1.0,1788755620-0004,124.5208,408.53,1.1775,4.53,120.0,124.52,1.178,0.00,0.2,0.2,2.1,0.0,2.509,0.1889,0,133256cc-dfc3a81f-72166,1,24.0,OK,V1.44,DynamicABS,V1.44_DynamicABS_120mph_rep1_1788755620-0004_2khz.csv
21:33:52,shootout,etk800,DynamicABS1.pc,straight,2,120,0.0,0.0,1.0,1788755649-0005,125.8505,412.90,1.1651,4.55,120.0,125.85,1.165,0.00,0.2,0.2,2.3,0.0,2.491,0.2005,0,133256cc-dfc3a81f-72166,1,23.2,OK,V1.44,DynamicABS,V1.44_DynamicABS_120mph_rep2_1788755649-0005_2khz.csv
21:34:21,shootout,etk800,DynamicABS1.pc,straight,3,120,0.0,0.0,1.0,1788755678-0006,124.6625,409.00,1.1762,4.53,120.0,124.66,1.176,0.00,0.2,0.2,2.1,0.0,2.521,0.1884,0,133256cc-dfc3a81f-72166,1,24.7,OK,V1.44,DynamicABS,V1.44_DynamicABS_120mph_rep3_1788755678-0006_2khz.csv
21:35:12,shootout,etk800,DynamicABS1.pc,straight,1,60,0.0,0.0,1.0,1788755726-0001,34.2430,112.35,1.0694,2.36,60.0,34.24,1.069,0.00,0.2,0.1,0.9,0.0,0.966,0.3329,0,fb116678-dd0d6d5b-75641,1,19.7,OK,V1.79,DynamicABS,V1.79_DynamicABS_60mph_rep1_1788755726-0001_2khz.csv
21:35:38,shootout,etk800,DynamicABS1.pc,straight,2,60,0.0,0.0,1.0,1788755753-0002,33.5368,110.03,1.0919,2.34,60.0,33.54,1.092,0.00,0.2,0.1,0.8,0.0,1.019,0.3015,0,fb116678-dd0d6d5b-75641,1,21.4,OK,V1.79,DynamicABS,V1.79_DynamicABS_60mph_rep2_1788755753-0002_2khz.csv
21:36:04,shootout,etk800,DynamicABS1.pc,straight,3,60,0.0,0.0,1.0,1788755780-0003,33.6021,110.24,1.0898,2.34,60.0,33.60,1.090,0.00,0.2,0.1,0.8,0.0,1.022,0.2916,0,fb116678-dd0d6d5b-75641,1,21.5,OK,V1.79,DynamicABS,V1.79_DynamicABS_60mph_rep3_1788755780-0003_2khz.csv
21:36:32,shootout,etk800,DynamicABS1.pc,straight,1,120,0.0,0.0,1.0,1788755808-0004,131.9381,432.87,1.1113,4.68,120.0,131.94,1.111,0.00,0.2,0.2,2.0,0.0,2.192,0.1866,0,fb116678-dd0d6d5b-75641,1,24.2,OK,V1.79,DynamicABS,V1.79_DynamicABS_120mph_rep1_1788755808-0004_2khz.csv
21:37:01,shootout,etk800,DynamicABS1.pc,straight,2,120,0.0,0.0,1.0,1788755838-0005,131.5117,431.47,1.1149,4.67,120.0,131.51,1.115,0.00,0.2,0.2,1.9,0.0,2.216,0.1775,0,fb116678-dd0d6d5b-75641,1,24.0,OK,V1.79,DynamicABS,V1.79_DynamicABS_120mph_rep2_1788755838-0005_2khz.csv
21:37:31,shootout,etk800,DynamicABS1.pc,straight,3,120,0.0,0.0,1.0,1788755868-0006,131.1769,430.37,1.1178,4.67,120.0,131.18,1.118,0.00,0.2,0.2,2.0,0.0,2.194,0.1887,0,fb116678-dd0d6d5b-75641,1,23.4,OK,V1.79,DynamicABS,V1.79_DynamicABS_120mph_rep3_1788755868-0006_2khz.csv
21:38:21,shootout,etk800,DynamicABS1.pc,straight,1,60,0.0,0.0,1.0,1788755915-0001,32.3555,106.15,1.1317,2.28,60.0,32.36,1.132,0.00,0.2,0.1,1.2,0.0,1.155,0.4199,0,4a378fe8-b5c96175-87710,1,19.8,OK,V2.23,DynamicABS,V2.23_DynamicABS_60mph_rep1_1788755915-0001_2khz.csv
21:38:46,shootout,etk800,DynamicABS1.pc,straight,2,60,0.0,0.0,1.0,1788755941-0002,31.7245,104.08,1.1543,2.25,60.0,31.72,1.154,0.00,0.2,0.1,1.0,0.0,1.192,0.3579,0,4a378fe8-b5c96175-87710,1,20.2,OK,V2.23,DynamicABS,V2.23_DynamicABS_60mph_rep2_1788755941-0002_2khz.csv
21:39:12,shootout,etk800,DynamicABS1.pc,straight,3,60,0.0,0.0,1.0,1788755966-0003,31.7476,104.16,1.1534,2.26,60.0,31.75,1.153,0.00,0.2,0.1,1.0,0.0,1.128,0.3710,0,4a378fe8-b5c96175-87710,1,21.0,OK,V2.23,DynamicABS,V2.23_DynamicABS_60mph_rep3_1788755966-0003_2khz.csv
21:39:39,shootout,etk800,DynamicABS1.pc,straight,1,120,0.0,0.0,1.0,1788755995-0004,123.8135,406.21,1.1842,4.52,120.0,123.81,1.184,0.00,0.2,0.2,2.1,0.0,2.559,0.1875,0,4a378fe8-b5c96175-87710,1,23.0,OK,V2.23,DynamicABS,V2.23_DynamicABS_120mph_rep1_1788755995-0004_2khz.csv
21:40:07,shootout,etk800,DynamicABS1.pc,straight,2,120,0.0,0.0,1.0,1788756023-0005,124.9867,410.06,1.1731,4.53,120.0,124.99,1.173,0.00,0.2,0.2,2.2,0.0,2.549,0.1926,0,4a378fe8-b5c96175-87710,1,23.5,OK,V2.23,DynamicABS,V2.23_DynamicABS_120mph_rep2_1788756023-0005_2khz.csv
21:40:35,shootout,etk800,DynamicABS1.pc,straight,3,120,0.0,0.0,1.0,1788756052-0006,125.5235,411.82,1.1681,4.54,120.0,125.52,1.168,0.00,0.2,0.2,2.2,0.0,2.542,0.1937,0,4a378fe8-b5c96175-87710,1,23.1,OK,V2.23,DynamicABS,V2.23_DynamicABS_120mph_rep3_1788756052-0006_2khz.csv
21:41:27,shootout,etk800,StockABS1.pc,straight,1,60,0.0,0.0,1.0,1788756102-0001,33.0955,108.58,1.1064,2.33,60.0,33.10,1.106,0.00,0.2,0.1,0.9,0.0,1.123,0.3063,0,,0,21.3,OK,stock_ref_10,StockABS,
21:41:54,shootout,etk800,StockABS1.pc,straight,2,60,0.0,0.0,1.0,1788756130-0002,32.5703,106.86,1.1243,2.30,60.0,32.57,1.124,0.00,0.2,0.2,0.8,0.0,1.130,0.2710,0,,0,22.1,OK,stock_ref_10,StockABS,
21:42:22,shootout,etk800,StockABS1.pc,straight,3,60,0.0,0.0,1.0,1788756159-0003,33.2331,109.03,1.1019,2.33,60.0,33.23,1.102,0.00,0.2,0.1,0.9,0.0,1.126,0.3199,0,,0,22.2,OK,stock_ref_10,StockABS,
21:42:51,shootout,etk800,StockABS1.pc,straight,1,120,0.0,0.0,1.0,1788756189-0004,124.8771,409.70,1.1741,4.54,120.0,124.88,1.174,0.00,0.2,0.2,1.9,0.0,2.605,0.1640,0,,0,25.0,OK,stock_ref_10,StockABS,
21:43:21,shootout,etk800,StockABS1.pc,straight,2,120,0.0,0.0,1.0,1788756220-0005,126.8629,416.22,1.1558,4.58,120.0,126.86,1.156,0.00,0.2,0.2,2.2,0.0,2.526,0.1917,0,,0,25.9,OK,stock_ref_10,StockABS,
21:43:53,shootout,etk800,StockABS1.pc,straight,3,120,0.0,0.0,1.0,1788756252-0006,126.8120,416.05,1.1562,4.57,120.0,126.81,1.156,0.00,0.2,0.2,1.9,0.0,2.568,0.1671,0,,0,25.4,OK,stock_ref_10,StockABS,
21:44:45,shootout,etk800,DynamicABS1.pc,straight,1,60,0.0,0.0,1.0,1788756300-0001,32.1086,105.34,1.1404,2.27,60.0,32.11,1.140,0.00,0.2,0.1,1.2,0.0,1.142,0.4285,0,c570ad76-bce8ac37-86679,1,21.6,OK,V2.53,DynamicABS,V2.53_DynamicABS_60mph_rep1_1788756300-0001_2khz.csv
21:45:13,shootout,etk800,DynamicABS1.pc,straight,2,60,0.0,0.0,1.0,1788756327-0002,32.0577,105.18,1.1422,2.27,60.0,32.06,1.142,0.00,0.2,0.1,1.2,0.0,1.131,0.4256,0,c570ad76-bce8ac37-86679,1,20.9,OK,V2.53,DynamicABS,V2.53_DynamicABS_60mph_rep2_1788756327-0002_2khz.csv
21:45:39,shootout,etk800,DynamicABS1.pc,straight,3,60,0.0,0.0,1.0,1788756354-0003,32.1069,105.34,1.1405,2.26,60.0,32.11,1.140,0.00,0.2,0.1,1.1,0.0,1.122,0.3979,0,c570ad76-bce8ac37-86679,1,20.1,OK,V2.53,DynamicABS,V2.53_DynamicABS_60mph_rep3_1788756354-0003_2khz.csv
21:46:04,shootout,etk800,DynamicABS1.pc,straight,1,120,0.0,0.0,1.0,1788756380-0004,124.3595,408.00,1.1790,4.51,120.0,124.36,1.179,0.00,0.2,0.2,2.4,0.0,2.472,0.2179,0,c570ad76-bce8ac37-86679,1,22.8,OK,V2.53,DynamicABS,V2.53_DynamicABS_120mph_rep1_1788756380-0004_2khz.csv
21:46:33,shootout,etk800,DynamicABS1.pc,straight,2,120,0.0,0.0,1.0,1788756409-0005,125.5043,411.76,1.1683,4.55,120.0,125.51,1.168,0.00,0.2,0.2,2.4,0.0,2.442,0.2088,0,c570ad76-bce8ac37-86679,1,22.8,OK,V2.53,DynamicABS,V2.53_DynamicABS_120mph_rep2_1788756409-0005_2khz.csv
21:47:01,shootout,etk800,DynamicABS1.pc,straight,3,120,0.0,0.0,1.0,1788756437-0006,124.8332,409.56,1.1746,4.54,120.0,124.83,1.175,0.00,0.2,0.2,2.1,0.0,2.475,0.1881,0,c570ad76-bce8ac37-86679,1,22.8,OK,V2.53,DynamicABS,V2.53_DynamicABS_120mph_rep3_1788756437-0006_2khz.csv
21:47:51,shootout,etk800,DynamicABS1.pc,straight,1,60,0.0,0.0,1.0,1788756485-0001,32.2505,105.81,1.1354,2.27,60.0,32.25,1.135,0.00,0.2,0.1,0.9,0.0,1.128,0.3434,0,892d39a0-cbc345cd-102279,1,19.9,OK,V2.80,DynamicABS,V2.80_DynamicABS_60mph_rep1_1788756485-0001_2khz.csv
21:48:16,shootout,etk800,DynamicABS1.pc,straight,2,60,0.0,0.0,1.0,1788756511-0002,31.9852,104.94,1.1449,2.26,60.0,31.99,1.145,0.00,0.2,0.1,0.8,0.0,1.175,0.2780,0,892d39a0-cbc345cd-102279,1,20.0,OK,V2.80,DynamicABS,V2.80_DynamicABS_60mph_rep2_1788756511-0002_2khz.csv
21:48:42,shootout,etk800,DynamicABS1.pc,straight,3,60,0.0,0.0,1.0,1788756536-0003,31.6651,103.89,1.1564,2.25,60.0,31.67,1.156,0.00,0.2,0.1,0.8,0.0,1.148,0.2946,0,892d39a0-cbc345cd-102279,1,20.0,OK,V2.80,DynamicABS,V2.80_DynamicABS_60mph_rep3_1788756536-0003_2khz.csv
21:49:08,shootout,etk800,DynamicABS1.pc,straight,1,120,0.0,0.0,1.0,1788756564-0004,125.3803,411.35,1.1694,4.54,120.0,125.38,1.169,0.00,0.2,0.2,2.0,0.0,2.555,0.1791,0,892d39a0-cbc345cd-102279,1,23.0,OK,V2.80,DynamicABS,V2.80_DynamicABS_120mph_rep1_1788756564-0004_2khz.csv
21:49:37,shootout,etk800,DynamicABS1.pc,straight,2,120,0.0,0.0,1.0,1788756593-0005,125.1383,410.56,1.1717,4.54,120.0,125.14,1.172,0.00,0.2,0.2,2.2,0.0,2.548,0.1919,0,892d39a0-cbc345cd-102279,1,22.7,OK,V2.80,DynamicABS,V2.80_DynamicABS_120mph_rep2_1788756593-0005_2khz.csv
21:50:05,shootout,etk800,DynamicABS1.pc,straight,3,120,0.0,0.0,1.0,1788756622-0006,124.2860,407.76,1.1797,4.53,120.0,124.29,1.180,0.00,0.2,0.2,2.3,0.0,2.546,0.2012,0,892d39a0-cbc345cd-102279,1,24.0,OK,V2.80,DynamicABS,V2.80_DynamicABS_120mph_rep3_1788756622-0006_2khz.csv
21:50:56,shootout,etk800,DynamicABS1.pc,straight,1,60,0.0,0.0,1.0,1788756669-0001,32.1013,105.32,1.1407,2.28,60.0,32.10,1.141,0.00,0.2,0.1,0.9,0.0,1.131,0.3275,0,0f03764f-ec87e95e-110447,1,19.5,OK,V2.81,DynamicABS,V2.81_DynamicABS_60mph_rep1_1788756669-0001_2khz.csv
21:51:21,shootout,etk800,DynamicABS1.pc,straight,2,60,0.0,0.0,1.0,1788756695-0002,32.1538,105.49,1.1388,2.28,60.0,32.15,1.139,0.00,0.2,0.1,0.9,0.0,1.104,0.3366,0,0f03764f-ec87e95e-110447,1,19.9,OK,V2.81,DynamicABS,V2.81_DynamicABS_60mph_rep2_1788756695-0002_2khz.csv
21:51:46,shootout,etk800,DynamicABS1.pc,straight,3,60,0.0,0.0,1.0,1788756721-0003,32.3596,106.17,1.1316,2.28,60.0,32.36,1.132,0.00,0.2,0.1,0.9,0.0,1.127,0.3105,0,0f03764f-ec87e95e-110447,1,19.9,OK,V2.81,DynamicABS,V2.81_DynamicABS_60mph_rep3_1788756721-0003_2khz.csv
21:52:12,shootout,etk800,DynamicABS1.pc,straight,1,120,0.0,0.0,1.0,1788756747-0004,125.1427,410.57,1.1717,4.53,120.0,125.14,1.172,0.00,0.2,0.2,2.1,0.0,2.544,0.1832,0,0f03764f-ec87e95e-110447,1,22.0,OK,V2.81,DynamicABS,V2.81_DynamicABS_120mph_rep1_1788756747-0004_2khz.csv
21:52:39,shootout,etk800,DynamicABS1.pc,straight,2,120,0.0,0.0,1.0,1788756775-0005,124.3640,408.02,1.1790,4.51,120.0,124.36,1.179,0.00,0.2,0.2,2.1,0.0,2.550,0.1890,0,0f03764f-ec87e95e-110447,1,22.4,OK,V2.81,DynamicABS,V2.81_DynamicABS_120mph_rep2_1788756775-0005_2khz.csv
21:53:07,shootout,etk800,DynamicABS1.pc,straight,3,120,0.0,0.0,1.0,1788756805-0006,124.2280,407.57,1.1803,4.52,120.0,124.23,1.180,0.00,0.2,0.2,2.1,0.0,2.562,0.1833,0,0f03764f-ec87e95e-110447,1,23.9,OK,V2.81,DynamicABS,V2.81_DynamicABS_120mph_rep3_1788756805-0006_2khz.csv
21:53:58,shootout,etk800,DynamicABS1.pc,straight,1,60,0.0,0.0,1.0,1788756853-0001,31.7673,104.22,1.1527,2.26,60.0,31.77,1.153,0.00,0.2,0.2,0.8,0.0,1.167,0.2772,0,6b41ae38-d111e559-110747,1,21.4,OK,V2.82,DynamicABS,V2.82_DynamicABS_60mph_rep1_1788756853-0001_2khz.csv
21:54:25,shootout,etk800,DynamicABS1.pc,straight,2,60,0.0,0.0,1.0,1788756881-0002,31.7270,104.09,1.1542,2.26,60.0,31.73,1.154,0.00,0.2,0.1,0.9,0.0,1.142,0.3200,0,6b41ae38-d111e559-110747,1,21.4,OK,V2.82,DynamicABS,V2.82_DynamicABS_60mph_rep2_1788756881-0002_2khz.csv
21:54:52,shootout,etk800,DynamicABS1.pc,straight,3,60,0.0,0.0,1.0,1788756907-0003,31.8500,104.49,1.1497,2.27,60.0,31.85,1.150,0.00,0.2,0.1,0.8,0.0,1.143,0.3064,0,6b41ae38-d111e559-110747,1,22.4,OK,V2.82,DynamicABS,V2.82_DynamicABS_60mph_rep3_1788756907-0003_2khz.csv
21:55:19,shootout,etk800,DynamicABS1.pc,straight,1,120,0.0,0.0,1.0,1788756937-0004,123.8563,406.35,1.1838,4.51,120.0,123.86,1.184,0.00,0.2,0.2,2.2,0.0,2.542,0.1907,0,6b41ae38-d111e559-110747,1,24.3,OK,V2.82,DynamicABS,V2.82_DynamicABS_120mph_rep1_1788756937-0004_2khz.csv
21:55:50,shootout,etk800,DynamicABS1.pc,straight,2,120,0.0,0.0,1.0,1788756967-0005,124.1090,407.18,1.1814,4.52,120.0,124.11,1.181,0.00,0.2,0.2,2.1,0.0,2.563,0.1805,0,6b41ae38-d111e559-110747,1,24.7,OK,V2.82,DynamicABS,V2.82_DynamicABS_120mph_rep2_1788756967-0005_2khz.csv
21:56:20,shootout,etk800,DynamicABS1.pc,straight,3,120,0.0,0.0,1.0,1788756997-0006,124.2554,407.66,1.1800,4.52,120.0,124.26,1.180,0.00,0.2,0.2,2.0,0.0,2.580,0.1726,0,6b41ae38-d111e559-110747,1,24.1,OK,V2.82,DynamicABS,V2.82_DynamicABS_120mph_rep3_1788756997-0006_2khz.csv
21:57:11,shootout,etk800,DynamicABS1.pc,straight,1,60,0.0,0.0,1.0,1788757046-0001,32.6402,107.09,1.1219,2.29,60.0,32.64,1.122,0.00,0.2,0.1,1.2,0.0,1.086,0.4420,0,a634f0cb-d59200d6-114319,1,21.5,OK,V3.03,DynamicABS,V3.03_DynamicABS_60mph_rep1_1788757046-0001_2khz.csv
21:57:39,shootout,etk800,DynamicABS1.pc,straight,2,60,0.0,0.0,1.0,1788757074-0002,32.3306,106.07,1.1326,2.28,60.0,32.33,1.133,0.00,0.2,0.1,1.1,0.0,1.013,0.3992,0,a634f0cb-d59200d6-114319,1,21.1,OK,V3.03,DynamicABS,V3.03_DynamicABS_60mph_rep2_1788757074-0002_2khz.csv
21:58:06,shootout,etk800,DynamicABS1.pc,straight,3,60,0.0,0.0,1.0,1788757101-0003,32.3508,106.14,1.1319,2.29,60.0,32.35,1.132,0.00,0.2,0.1,1.1,0.0,1.001,0.4007,0,a634f0cb-d59200d6-114319,1,21.3,OK,V3.03,DynamicABS,V3.03_DynamicABS_60mph_rep3_1788757101-0003_2khz.csv
21:58:32,shootout,etk800,DynamicABS1.pc,straight,1,120,0.0,0.0,1.0,1788757130-0004,128.6565,422.10,1.1397,4.67,120.0,128.66,1.140,0.00,0.2,0.2,2.3,0.0,2.338,0.2094,0,a634f0cb-d59200d6-114319,1,24.5,OK,V3.03,DynamicABS,V3.03_DynamicABS_120mph_rep1_1788757130-0004_2khz.csv
21:59:03,shootout,etk800,DynamicABS1.pc,straight,2,120,0.0,0.0,1.0,1788757160-0005,128.4743,421.50,1.1413,4.65,120.0,128.47,1.141,0.00,0.2,0.2,2.3,0.0,2.354,0.2047,0,a634f0cb-d59200d6-114319,1,25.1,OK,V3.03,DynamicABS,V3.03_DynamicABS_120mph_rep2_1788757160-0005_2khz.csv
21:59:34,shootout,etk800,DynamicABS1.pc,straight,3,120,0.0,0.0,1.0,1788757191-0006,128.0060,419.97,1.1454,4.63,120.0,128.01,1.145,0.00,0.2,0.2,2.1,0.0,2.396,0.1861,0,a634f0cb-d59200d6-114319,1,24.0,OK,V3.03,DynamicABS,V3.03_DynamicABS_120mph_rep3_1788757191-0006_2khz.csv
22:00:25,shootout,etk800,DynamicABS1.pc,straight,1,60,0.0,0.0,1.0,1788757240-0001,32.1772,105.57,1.1380,2.26,60.0,32.18,1.138,0.00,0.2,0.1,0.9,0.0,1.150,0.3371,0,8a2687c3-dcb4ffbc-118015,1,21.9,OK,V3.06,DynamicABS,V3.06_DynamicABS_60mph_rep1_1788757240-0001_2khz.csv
22:00:53,shootout,etk800,DynamicABS1.pc,straight,2,60,0.0,0.0,1.0,1788757268-0002,32.5499,106.79,1.1250,2.29,60.0,32.55,1.125,0.00,0.2,0.1,0.8,0.0,1.113,0.3053,0,8a2687c3-dcb4ffbc-118015,1,20.9,OK,V3.06,DynamicABS,V3.06_DynamicABS_60mph_rep2_1788757268-0002_2khz.csv
22:01:19,shootout,etk800,DynamicABS1.pc,straight,3,60,0.0,0.0,1.0,1788757294-0003,31.9234,104.74,1.1471,2.26,60.0,31.92,1.147,0.00,0.2,0.1,0.8,0.0,1.131,0.3009,0,8a2687c3-dcb4ffbc-118015,1,21.8,OK,V3.06,DynamicABS,V3.06_DynamicABS_60mph_rep3_1788757294-0003_2khz.csv
22:01:46,shootout,etk800,DynamicABS1.pc,straight,1,120,0.0,0.0,1.0,1788757323-0004,125.1700,410.66,1.1714,4.54,120.0,125.17,1.171,0.00,0.2,0.2,2.1,0.0,2.572,0.1848,0,8a2687c3-dcb4ffbc-118015,1,24.0,OK,V3.06,DynamicABS,V3.06_DynamicABS_120mph_rep1_1788757323-0004_2khz.csv
22:02:16,shootout,etk800,DynamicABS1.pc,straight,2,120,0.0,0.0,1.0,1788757352-0005,125.3844,411.37,1.1694,4.54,120.0,125.38,1.169,0.00,0.2,0.2,2.0,0.0,2.580,0.1753,0,8a2687c3-dcb4ffbc-118015,1,23.8,OK,V3.06,DynamicABS,V3.06_DynamicABS_120mph_rep2_1788757352-0005_2khz.csv
22:02:45,shootout,etk800,DynamicABS1.pc,straight,3,120,0.0,0.0,1.0,1788757382-0006,124.5398,408.60,1.1773,4.52,120.0,124.54,1.177,0.00,0.2,0.2,2.0,0.0,2.576,0.1773,0,8a2687c3-dcb4ffbc-118015,1,24.3,OK,V3.06,DynamicABS,V3.06_DynamicABS_120mph_rep3_1788757382-0006_2khz.csv
22:03:37,shootout,etk800,DynamicABS1.pc,straight,1,60,0.0,0.0,1.0,1788757431-0001,41.0993,134.84,0.8910,3.32,60.0,41.10,0.891,0.00,0.2,0.1,1.4,0.0,0.714,0.5889,0,5470bb3b-07fe82fe-91793,1,22.1,OK,V3.13,DynamicABS,V3.13_DynamicABS_60mph_rep1_1788757431-0001_2khz.csv
22:04:05,shootout,etk800,DynamicABS1.pc,straight,2,60,0.0,0.0,1.0,1788757460-0002,40.6418,133.34,0.9010,3.31,60.0,40.64,0.901,0.00,0.2,0.1,1.4,0.0,0.684,0.5758,0,5470bb3b-07fe82fe-91793,1,22.4,OK,V3.13,DynamicABS,V3.13_DynamicABS_60mph_rep2_1788757460-0002_2khz.csv
22:04:33,shootout,etk800,DynamicABS1.pc,straight,3,60,0.0,0.0,1.0,1788757488-0003,40.5458,133.02,0.9031,3.30,60.0,40.55,0.903,0.00,0.2,0.1,1.4,0.0,0.715,0.5970,0,5470bb3b-07fe82fe-91793,1,21.2,OK,V3.13,DynamicABS,V3.13_DynamicABS_60mph_rep3_1788757488-0003_2khz.csv
22:05:00,shootout,etk800,DynamicABS1.pc,straight,1,120,0.0,0.0,1.0,1788757517-0004,140.2060,459.99,1.0458,5.62,120.0,140.21,1.046,0.00,0.2,0.1,2.6,0.0,1.822,0.2602,0,5470bb3b-07fe82fe-91793,1,25.6,OK,V3.13,DynamicABS,V3.13_DynamicABS_120mph_rep1_1788757517-0004_2khz.csv
22:05:31,shootout,etk800,DynamicABS1.pc,straight,2,120,0.0,0.0,1.0,1788757548-0005,132.6926,435.34,1.1050,5.17,120.0,132.70,1.105,0.00,0.2,0.1,2.6,0.0,2.005,0.2445,0,5470bb3b-07fe82fe-91793,1,24.3,OK,V3.13,DynamicABS,V3.13_DynamicABS_120mph_rep2_1788757548-0005_2khz.csv
22:06:01,shootout,etk800,DynamicABS1.pc,straight,3,120,0.0,0.0,1.0,1788757578-0006,134.0647,439.84,1.0937,5.24,120.0,134.07,1.094,0.00,0.2,0.1,2.6,0.0,1.973,0.2509,0,5470bb3b-07fe82fe-91793,1,25.2,OK,V3.13,DynamicABS,V3.13_DynamicABS_120mph_rep3_1788757578-0006_2khz.csv
22:06:54,shootout,etk800,DynamicABS1.pc,straight,1,60,0.0,0.0,1.0,1788757629-0001,31.7073,104.03,1.1549,2.24,60.0,31.71,1.155,0.00,0.2,0.1,1.0,0.0,1.057,0.3865,0,181e8e56-eca6c845-70876,1,20.8,OK,V3.14,DynamicABS,V3.14_DynamicABS_60mph_rep1_1788757629-0001_2khz.csv
22:07:20,shootout,etk800,DynamicABS1.pc,straight,2,60,0.0,0.0,1.0,1788757655-0002,32.4020,106.31,1.1301,2.27,60.0,32.40,1.130,0.00,0.2,0.1,0.9,0.0,1.091,0.3218,0,181e8e56-eca6c845-70876,1,20.8,OK,V3.14,DynamicABS,V3.14_DynamicABS_60mph_rep2_1788757655-0002_2khz.csv
22:07:47,shootout,etk800,DynamicABS1.pc,straight,3,60,0.0,0.0,1.0,1788757682-0003,31.6163,103.73,1.1582,2.24,60.0,31.62,1.158,0.00,0.2,0.1,1.0,0.0,1.086,0.3785,0,181e8e56-eca6c845-70876,1,21.8,OK,V3.14,DynamicABS,V3.14_DynamicABS_60mph_rep3_1788757682-0003_2khz.csv
22:08:15,shootout,etk800,DynamicABS1.pc,straight,1,120,0.0,0.0,1.0,1788757712-0004,125.7596,412.60,1.1659,4.53,120.0,125.76,1.166,0.00,0.2,0.2,2.1,0.0,2.441,0.1902,0,181e8e56-eca6c845-70876,1,24.8,OK,V3.14,DynamicABS,V3.14_DynamicABS_120mph_rep1_1788757712-0004_2khz.csv
22:08:45,shootout,etk800,DynamicABS1.pc,straight,2,120,0.0,0.0,1.0,1788757742-0005,125.3093,411.12,1.1701,4.52,120.0,125.31,1.170,0.00,0.2,0.2,2.2,0.0,2.446,0.1972,0,181e8e56-eca6c845-70876,1,23.9,OK,V3.14,DynamicABS,V3.14_DynamicABS_120mph_rep2_1788757742-0005_2khz.csv
22:09:15,shootout,etk800,DynamicABS1.pc,straight,3,120,0.0,0.0,1.0,1788757771-0006,123.7634,406.05,1.1847,4.49,120.0,123.77,1.185,0.00,0.2,0.2,2.3,0.0,2.440,0.2065,0,181e8e56-eca6c845-70876,1,23.8,OK,V3.14,DynamicABS,V3.14_DynamicABS_120mph_rep3_1788757771-0006_2khz.csv
22:10:06,shootout,etk800,DynamicABS1.pc,straight,1,60,0.0,0.0,1.0,1788757821-0001,31.7375,104.13,1.1538,2.24,60.0,31.74,1.154,0.00,0.2,0.1,0.9,0.0,1.091,0.3213,0,ba2f3327-f04f27a6-108632,1,21.0,OK,banded_0905,DynamicABS,banded_0905_DynamicABS_60mph_rep1_1788757821-0001_2khz.csv
22:10:33,shootout,etk800,DynamicABS1.pc,straight,2,60,0.0,0.0,1.0,1788757848-0002,31.9515,104.83,1.1461,2.25,60.0,31.95,1.146,0.00,0.2,0.1,0.9,0.0,1.096,0.3320,0,ba2f3327-f04f27a6-108632,1,21.7,OK,banded_0905,DynamicABS,banded_0905_DynamicABS_60mph_rep2_1788757848-0002_2khz.csv
22:11:00,shootout,etk800,DynamicABS1.pc,straight,3,60,0.0,0.0,1.0,1788757875-0003,31.8383,104.46,1.1501,2.24,60.0,31.84,1.150,0.00,0.2,0.1,1.0,0.0,1.075,0.3635,0,ba2f3327-f04f27a6-108632,1,22.0,OK,banded_0905,DynamicABS,banded_0905_DynamicABS_60mph_rep3_1788757875-0003_2khz.csv
22:11:28,shootout,etk800,DynamicABS1.pc,straight,1,120,0.0,0.0,1.0,1788757905-0004,124.7459,409.27,1.1754,4.51,120.0,124.75,1.175,0.00,0.2,0.2,2.1,0.0,2.454,0.1901,0,ba2f3327-f04f27a6-108632,1,24.1,OK,banded_0905,DynamicABS,banded_0905_DynamicABS_120mph_rep1_1788757905-0004_2khz.csv
22:11:58,shootout,etk800,DynamicABS1.pc,straight,2,120,0.0,0.0,1.0,1788757935-0005,126.4880,414.99,1.1592,4.54,120.0,126.49,1.159,0.00,0.2,0.2,2.2,0.0,2.410,0.1980,0,ba2f3327-f04f27a6-108632,1,24.2,OK,banded_0905,DynamicABS,banded_0905_DynamicABS_120mph_rep2_1788757935-0005_2khz.csv
22:12:28,shootout,etk800,DynamicABS1.pc,straight,3,120,0.0,0.0,1.0,1788757966-0006,126.3624,414.57,1.1603,4.55,120.0,126.37,1.160,0.00,0.2,0.2,2.4,0.0,2.366,0.2147,0,ba2f3327-f04f27a6-108632,1,24.3,OK,banded_0905,DynamicABS,banded_0905_DynamicABS_120mph_rep3_1788757966-0006_2khz.csv
22:13:21,shootout,etk800,DynamicABS1.pc,straight,1,60,0.0,0.0,1.0,1788758017-0001,32.5714,106.86,1.1242,2.29,60.0,32.57,1.124,0.00,0.2,0.1,0.9,0.0,1.043,0.3534,0,5462ed77-0301ffb8-110636,1,23.5,OK,live_pidfix,DynamicABS,live_pidfix_DynamicABS_60mph_rep1_1788758017-0001_2khz.csv
22:13:50,shootout,etk800,DynamicABS1.pc,straight,2,60,0.0,0.0,1.0,1788758047-0002,32.6481,107.11,1.1216,2.29,60.0,32.65,1.122,0.00,0.2,0.1,1.0,0.0,1.072,0.3682,0,5462ed77-0301ffb8-110636,1,23.6,OK,live_pidfix,DynamicABS,live_pidfix_DynamicABS_60mph_rep2_1788758047-0002_2khz.csv
22:14:20,shootout,etk800,DynamicABS1.pc,straight,3,60,0.0,0.0,1.0,1788758076-0003,32.7568,107.47,1.1179,2.30,60.0,32.76,1.118,0.00,0.2,0.1,1.0,0.0,1.046,0.3879,0,5462ed77-0301ffb8-110636,1,22.8,OK,live_pidfix,DynamicABS,live_pidfix_DynamicABS_60mph_rep3_1788758076-0003_2khz.csv
22:14:49,shootout,etk800,DynamicABS1.pc,straight,1,120,0.0,0.0,1.0,1788758106-0004,125.0911,410.40,1.1721,4.53,120.0,125.09,1.172,0.00,0.2,0.2,2.5,0.0,2.401,0.2212,0,5462ed77-0301ffb8-110636,1,25.0,OK,live_pidfix,DynamicABS,live_pidfix_DynamicABS_120mph_rep1_1788758106-0004_2khz.csv
22:15:20,shootout,etk800,DynamicABS1.pc,straight,2,120,0.0,0.0,1.0,1788758138-0005,126.7052,415.70,1.1572,4.56,120.0,126.71,1.157,0.00,0.2,0.2,2.4,0.0,2.375,0.2193,0,5462ed77-0301ffb8-110636,1,25.0,OK,live_pidfix,DynamicABS,live_pidfix_DynamicABS_120mph_rep2_1788758138-0005_2khz.csv
22:15:51,shootout,etk800,DynamicABS1.pc,straight,3,120,0.0,0.0,1.0,1788758170-0006,125.7570,412.59,1.1659,4.54,120.0,125.76,1.166,0.00,0.2,0.2,2.4,0.0,2.398,0.2102,0,5462ed77-0301ffb8-110636,1,26.0,OK,live_pidfix,DynamicABS,live_pidfix_DynamicABS_120mph_rep3_1788758170-0006_2khz.csv
22:16:45,shootout,etk800,StockABS1.pc,straight,1,60,0.0,0.0,1.0,1788758221-0001,33.1872,108.88,1.1034,2.33,60.0,33.19,1.103,0.00,0.2,0.1,0.8,0.0,1.127,0.2887,0,,0,21.7,OK,stock_ref_20,StockABS,
22:17:13,shootout,etk800,StockABS1.pc,straight,2,60,0.0,0.0,1.0,1788758248-0002,32.6962,107.27,1.1200,2.31,60.0,32.70,1.120,0.00,0.2,0.1,0.8,0.0,1.113,0.2976,0,,0,21.5,OK,stock_ref_20,StockABS,
22:17:40,shootout,etk800,StockABS1.pc,straight,3,60,0.0,0.0,1.0,1788758277-0003,33.6983,110.56,1.0866,2.34,60.0,33.70,1.087,0.00,0.2,0.1,0.9,0.0,1.114,0.3075,0,,0,23.0,OK,stock_ref_20,StockABS,
22:18:09,shootout,etk800,StockABS1.pc,straight,1,120,0.0,0.0,1.0,1788758308-0004,126.1581,413.90,1.1622,4.57,120.0,126.16,1.162,0.00,0.2,0.2,2.3,0.0,2.516,0.1987,0,,0,25.6,OK,stock_ref_20,StockABS,
22:18:41,shootout,etk800,StockABS1.pc,straight,2,120,0.0,0.0,1.0,1788758339-0005,125.5794,412.01,1.1676,4.56,120.0,125.58,1.168,0.00,0.2,0.2,2.0,0.0,2.579,0.1745,0,,0,25.0,OK,stock_ref_20,StockABS,
22:19:11,shootout,etk800,StockABS1.pc,straight,3,120,0.0,0.0,1.0,1788758371-0006,126.4789,414.96,1.1593,4.57,120.0,126.48,1.159,0.00,0.2,0.2,2.1,0.0,2.537,0.1836,0,,0,26.5,OK,stock_ref_20,StockABS,
22:20:55,shootout,etk800,StockABS1.pc,straight,1,60,0.0,0.0,1.0,1788758471-0001,32.7837,107.56,1.1170,2.31,60.0,32.78,1.117,0.00,0.2,0.2,0.8,0.0,1.129,0.2889,0,,0,22.6,OK,stock_ref_0,StockABS,
22:21:23,shootout,etk800,StockABS1.pc,straight,2,60,0.0,0.0,1.0,1788758499-0002,32.6532,107.13,1.1214,2.31,60.0,32.65,1.121,0.00,0.2,0.1,0.8,0.0,1.167,0.2718,0,,0,22.4,OK,stock_ref_0,StockABS,
22:21:52,shootout,etk800,StockABS1.pc,straight,3,60,0.0,0.0,1.0,1788758528-0003,33.1002,108.60,1.1063,2.32,60.0,33.10,1.106,0.00,0.2,0.1,0.8,0.0,1.144,0.2866,0,,0,22.1,OK,stock_ref_0,StockABS,
22:22:20,shootout,etk800,StockABS1.pc,straight,1,120,0.0,0.0,1.0,1788758557-0004,126.6891,415.65,1.1574,4.58,120.0,126.69,1.157,0.00,0.2,0.2,2.0,0.0,2.567,0.1761,0,,0,23.8,OK,stock_ref_0,StockABS,
22:22:49,shootout,etk800,StockABS1.pc,straight,2,120,0.0,0.0,1.0,1788758587-0005,125.5003,411.75,1.1683,4.55,120.0,125.50,1.168,0.00,0.2,0.2,2.0,0.0,2.559,0.1702,0,,0,24.5,OK,stock_ref_0,StockABS,
22:23:20,shootout,etk800,StockABS1.pc,straight,3,120,0.0,0.0,1.0,1788758617-0006,127.0659,416.88,1.1539,4.58,120.0,127.07,1.154,0.00,0.2,0.2,2.1,0.0,2.547,0.1836,0,,0,23.7,OK,stock_ref_0,StockABS,
22:29:57,shootout,etk800,DynamicABS1.pc,straight,1,60,0.0,0.0,1.0,,,,,,,,,,,,,,,,,,,167.1,FAIL: no done-signal in 150s,repo_pre0906,DynamicABS,
22:38:36,shootout,etk800,DynamicABS1.pc,straight,2,60,0.0,0.0,1.0,,,,,,,,,,,,,,,,,,,165.7,FAIL: no done-signal in 150s,repo_pre0906,DynamicABS,
22:47:08,shootout,etk800,DynamicABS1.pc,straight,3,60,0.0,0.0,1.0,,,,,,,,,,,,,,,,,,,164.3,FAIL: no done-signal in 150s,repo_pre0906,DynamicABS,
00:17:36,shootout,etk800,StockABS1.pc,straight,1,60,0.0,0.0,1.0,1788765472-0001,32.8084,107.64,1.1161,2.32,60.0,32.81,1.116,0.00,0.2,0.1,0.9,0.0,1.123,0.3220,0,,0,21.3,OK,stock_ref_0,StockABS,
00:18:03,shootout,etk800,StockABS1.pc,straight,2,60,0.0,0.0,1.0,1788765498-0002,32.6783,107.21,1.1206,2.31,60.0,32.68,1.121,0.00,0.2,0.1,0.8,0.0,1.132,0.3010,0,,0,21.0,OK,stock_ref_0,StockABS,
00:18:30,shootout,etk800,StockABS1.pc,straight,3,60,0.0,0.0,1.0,1788765525-0003,33.3820,109.52,1.0969,2.34,60.0,33.38,1.097,0.00,0.2,0.1,0.8,0.0,1.097,0.3001,0,,0,21.3,OK,stock_ref_0,StockABS,
00:18:57,shootout,etk800,StockABS1.pc,straight,1,120,0.0,0.0,1.0,1788765555-0004,125.9099,413.09,1.1645,4.56,120.0,125.91,1.165,0.00,0.2,0.2,2.0,0.0,2.561,0.1772,0,,0,24.3,OK,stock_ref_0,StockABS,
00:19:27,shootout,etk800,StockABS1.pc,straight,2,120,0.0,0.0,1.0,1788765585-0005,126.0941,413.69,1.1628,4.56,120.0,126.09,1.163,0.00,0.2,0.2,2.1,0.0,2.544,0.1845,0,,0,24.3,OK,stock_ref_0,StockABS,
00:19:57,shootout,etk800,StockABS1.pc,straight,3,120,0.0,0.0,1.0,1788765615-0006,126.0248,413.47,1.1635,4.57,120.0,126.03,1.163,0.00,0.2,0.2,2.1,0.0,2.534,0.1863,0,,0,24.0,OK,stock_ref_0,StockABS,
00:20:49,shootout,etk800,DynamicABS1.pc,straight,1,60,0.0,0.0,1.0,1788765665-0001,31.9849,104.94,1.1449,2.26,60.0,31.99,1.145,0.00,0.2,0.1,1.0,0.0,1.051,0.3708,0,b72db3f3-fdcd1264-71030,1,22.1,OK,V1.39,DynamicABS,V1.39_DynamicABS_60mph_rep1_1788765665-0001_2khz.csv
00:21:17,shootout,etk800,DynamicABS1.pc,straight,2,60,0.0,0.0,1.0,1788765692-0002,32.0470,105.14,1.1426,2.25,60.0,32.05,1.143,0.00,0.2,0.1,1.0,0.0,1.069,0.3638,0,b72db3f3-fdcd1264-71030,1,21.6,OK,V1.39,DynamicABS,V1.39_DynamicABS_60mph_rep2_1788765692-0002_2khz.csv
00:21:45,shootout,etk800,DynamicABS1.pc,straight,3,60,0.0,0.0,1.0,1788765721-0003,32.0895,105.28,1.1411,2.26,60.0,32.09,1.141,0.00,0.2,0.1,0.9,0.0,1.085,0.3357,0,b72db3f3-fdcd1264-71030,1,22.5,OK,V1.39,DynamicABS,V1.39_DynamicABS_60mph_rep3_1788765721-0003_2khz.csv
00:22:13,shootout,etk800,DynamicABS1.pc,straight,1,120,0.0,0.0,1.0,1788765751-0004,126.4255,414.78,1.1598,4.55,120.0,126.43,1.160,0.00,0.2,0.2,2.2,0.0,2.424,0.2022,0,b72db3f3-fdcd1264-71030,1,24.9,OK,V1.39,DynamicABS,V1.39_DynamicABS_120mph_rep1_1788765751-0004_2khz.csv
00:22:44,shootout,etk800,DynamicABS1.pc,straight,2,120,0.0,0.0,1.0,1788765782-0005,124.4032,408.15,1.1786,4.51,120.0,124.40,1.179,0.00,0.2,0.2,2.2,0.0,2.439,0.1928,0,b72db3f3-fdcd1264-71030,1,25.2,OK,V1.39,DynamicABS,V1.39_DynamicABS_120mph_rep2_1788765782-0005_2khz.csv
00:23:15,shootout,etk800,DynamicABS1.pc,straight,3,120,0.0,0.0,1.0,1788765812-0006,126.3539,414.55,1.1604,4.54,120.0,126.36,1.160,0.00,0.2,0.2,2.1,0.0,2.436,0.1910,0,b72db3f3-fdcd1264-71030,1,25.2,OK,V1.39,DynamicABS,V1.39_DynamicABS_120mph_rep3_1788765812-0006_2khz.csv
00:24:08,shootout,etk800,DynamicABS1.pc,straight,1,60,0.0,0.0,1.0,1788765864-0001,32.1414,105.45,1.1393,2.26,60.0,32.14,1.139,0.00,0.2,0.1,1.1,0.0,1.069,0.3925,0,2c4c7c3d-04b54b4c-71142,1,22.5,OK,V1.40,DynamicABS,V1.40_DynamicABS_60mph_rep1_1788765864-0001_2khz.csv
00:24:36,shootout,etk800,DynamicABS1.pc,straight,2,60,0.0,0.0,1.0,1788765892-0002,31.8089,104.36,1.1512,2.25,60.0,31.81,1.151,0.00,0.2,0.1,1.1,0.0,1.107,0.4001,0,2c4c7c3d-04b54b4c-71142,1,22.4,OK,V1.40,DynamicABS,V1.40_DynamicABS_60mph_rep2_1788765892-0002_2khz.csv
00:25:05,shootout,etk800,DynamicABS1.pc,straight,3,60,0.0,0.0,1.0,1788765921-0003,31.9017,104.66,1.1478,2.25,60.0,31.90,1.148,0.00,0.2,0.1,1.1,0.0,1.098,0.4158,0,2c4c7c3d-04b54b4c-71142,1,22.5,OK,V1.40,DynamicABS,V1.40_DynamicABS_60mph_rep3_1788765921-0003_2khz.csv
00:25:33,shootout,etk800,DynamicABS1.pc,straight,1,120,0.0,0.0,1.0,1788765951-0004,124.5483,408.62,1.1773,4.52,120.0,124.55,1.177,0.00,0.2,0.2,2.2,0.0,2.479,0.1966,0,2c4c7c3d-04b54b4c-71142,1,25.8,OK,V1.40,DynamicABS,V1.40_DynamicABS_120mph_rep1_1788765951-0004_2khz.csv
00:26:05,shootout,etk800,DynamicABS1.pc,straight,2,120,0.0,0.0,1.0,1788765983-0005,124.4493,408.30,1.1782,4.52,120.0,124.45,1.178,0.00,0.2,0.2,2.2,0.0,2.483,0.1928,0,2c4c7c3d-04b54b4c-71142,1,25.2,OK,V1.40,DynamicABS,V1.40_DynamicABS_120mph_rep2_1788765983-0005_2khz.csv
00:26:36,shootout,etk800,DynamicABS1.pc,straight,3,120,0.0,0.0,1.0,1788766014-0006,125.4483,411.58,1.1688,4.53,120.0,125.45,1.169,0.00,0.2,0.2,2.1,0.0,2.472,0.1877,0,2c4c7c3d-04b54b4c-71142,1,25.6,OK,V1.40,DynamicABS,V1.40_DynamicABS_120mph_rep3_1788766014-0006_2khz.csv
00:27:30,shootout,etk800,DynamicABS1.pc,straight,1,60,0.0,0.0,1.0,1788766065-0001,32.2818,105.91,1.1343,2.28,60.0,32.28,1.134,0.00,0.2,0.1,0.9,0.0,1.116,0.3457,0,832bdf55-daf4b726-75627,1,21.9,OK,V2.00,DynamicABS,V2.00_DynamicABS_60mph_rep1_1788766065-0001_2khz.csv
00:27:57,shootout,etk800,DynamicABS1.pc,straight,2,60,0.0,0.0,1.0,1788766093-0002,32.1515,105.48,1.1389,2.27,60.0,32.15,1.139,0.00,0.2,0.1,1.1,0.0,1.169,0.3844,0,832bdf55-daf4b726-75627,1,21.9,OK,V2.00,DynamicABS,V2.00_DynamicABS_60mph_rep2_1788766093-0002_2khz.csv
00:28:25,shootout,etk800,DynamicABS1.pc,straight,3,60,0.0,0.0,1.0,1788766121-0003,31.7671,104.22,1.1527,2.26,60.0,31.77,1.153,0.00,0.2,0.1,1.0,0.0,1.144,0.3763,0,832bdf55-daf4b726-75627,1,23.3,OK,V2.00,DynamicABS,V2.00_DynamicABS_60mph_rep3_1788766121-0003_2khz.csv
00:28:54,shootout,etk800,DynamicABS1.pc,straight,1,120,0.0,0.0,1.0,1788766152-0004,126.1633,413.92,1.1622,4.57,120.0,126.16,1.162,0.00,0.2,0.2,2.2,0.0,2.508,0.1939,0,832bdf55-daf4b726-75627,1,25.4,OK,V2.00,DynamicABS,V2.00_DynamicABS_120mph_rep1_1788766152-0004_2khz.csv
00:29:25,shootout,etk800,DynamicABS1.pc,straight,2,120,0.0,0.0,1.0,1788766183-0005,124.8574,409.64,1.1743,4.54,120.0,124.86,1.174,0.00,0.2,0.2,2.2,0.0,2.539,0.1929,0,832bdf55-daf4b726-75627,1,25.2,OK,V2.00,DynamicABS,V2.00_DynamicABS_120mph_rep2_1788766183-0005_2khz.csv
00:29:57,shootout,etk800,DynamicABS1.pc,straight,3,120,0.0,0.0,1.0,1788766214-0006,125.9837,413.33,1.1638,4.56,120.0,125.98,1.164,0.00,0.2,0.2,2.2,0.0,2.522,0.1910,0,832bdf55-daf4b726-75627,1,25.2,OK,V2.00,DynamicABS,V2.00_DynamicABS_120mph_rep3_1788766214-0006_2khz.csv
00:30:49,shootout,etk800,StockABS1.pc,straight,1,60,0.0,0.0,1.0,1788766265-0001,32.7794,107.54,1.1171,2.31,60.0,32.78,1.117,0.00,0.2,0.1,0.9,0.0,1.119,0.3054,0,,0,21.6,OK,stock_ref_3,StockABS,
00:31:17,shootout,etk800,StockABS1.pc,straight,2,60,0.0,0.0,1.0,1788766293-0002,33.5784,110.17,1.0905,2.34,60.0,33.58,1.091,0.00,0.2,0.1,0.8,0.0,1.108,0.2848,0,,0,22.0,OK,stock_ref_3,StockABS,
00:31:45,shootout,etk800,StockABS1.pc,straight,3,60,0.0,0.0,1.0,1788766323-0003,32.7230,107.36,1.1190,2.31,60.0,32.72,1.119,0.00,0.2,0.2,0.8,0.0,1.112,0.2804,0,,0,25.6,OK,stock_ref_3,StockABS,
00:32:16,shootout,etk800,StockABS1.pc,straight,1,120,0.0,0.0,1.0,1788766357-0004,126.0443,413.53,1.1633,4.57,120.0,126.04,1.163,0.00,0.2,0.2,2.0,0.0,2.568,0.1789,0,,0,28.9,OK,stock_ref_3,StockABS,
00:32:52,shootout,etk800,StockABS1.pc,straight,2,120,0.0,0.0,1.0,1788766393-0005,125.7848,412.68,1.1657,4.55,120.0,125.79,1.166,0.00,0.2,0.2,1.9,0.0,2.574,0.1698,0,,0,29.6,OK,stock_ref_3,StockABS,
00:33:28,shootout,etk800,StockABS1.pc,straight,3,120,0.0,0.0,1.0,1788766429-0006,126.1751,413.96,1.1621,4.56,120.0,126.18,1.162,0.00,0.2,0.2,2.0,0.0,2.547,0.1747,0,,0,28.8,OK,stock_ref_3,StockABS,
00:34:27,shootout,etk800,DynamicABS1.pc,straight,1,60,0.0,0.0,1.0,1788766486-0001,32.1539,105.49,1.1388,2.27,60.0,32.15,1.139,0.00,0.2,0.1,0.9,0.0,1.134,0.3323,0,1fab8e17-0356e732-76901,1,26.6,OK,V2.07,DynamicABS,V2.07_DynamicABS_60mph_rep1_1788766486-0001_2khz.csv
00:35:00,shootout,etk800,DynamicABS1.pc,straight,2,60,0.0,0.0,1.0,1788766518-0002,32.2375,105.77,1.1359,2.27,60.0,32.24,1.136,0.00,0.2,0.1,1.0,0.0,1.132,0.3799,0,1fab8e17-0356e732-76901,1,25.8,OK,V2.07,DynamicABS,V2.07_DynamicABS_60mph_rep2_1788766518-0002_2khz.csv
00:35:34,shootout,etk800,DynamicABS1.pc,straight,3,60,0.0,0.0,1.0,1788766551-0003,32.3873,106.26,1.1306,2.29,60.0,32.39,1.131,0.00,0.2,0.1,0.9,0.0,1.138,0.3145,0,1fab8e17-0356e732-76901,1,25.3,OK,V2.07,DynamicABS,V2.07_DynamicABS_60mph_rep3_1788766551-0003_2khz.csv
00:36:07,shootout,etk800,DynamicABS1.pc,straight,1,120,0.0,0.0,1.0,1788766588-0004,124.6154,408.84,1.1766,4.52,120.0,124.62,1.177,0.00,0.2,0.2,2.2,0.0,2.563,0.1915,0,1fab8e17-0356e732-76901,1,30.7,OK,V2.07,DynamicABS,V2.07_DynamicABS_120mph_rep1_1788766588-0004_2khz.csv
00:36:43,shootout,etk800,DynamicABS1.pc,straight,2,120,0.0,0.0,1.0,1788766624-0005,123.3274,404.62,1.1889,4.50,120.0,123.33,1.189,0.00,0.2,0.2,2.1,0.0,2.554,0.1886,0,1fab8e17-0356e732-76901,1,28.4,OK,V2.07,DynamicABS,V2.07_DynamicABS_120mph_rep2_1788766624-0005_2khz.csv
00:37:18,shootout,etk800,DynamicABS1.pc,straight,3,120,0.0,0.0,1.0,1788766658-0006,123.2232,404.28,1.1899,4.50,120.0,123.22,1.190,0.00,0.2,0.2,2.1,0.0,2.556,0.1891,0,1fab8e17-0356e732-76901,1,28.8,OK,V2.07,DynamicABS,V2.07_DynamicABS_120mph_rep3_1788766658-0006_2khz.csv
00:38:16,shootout,etk800,DynamicABS1.pc,straight,1,60,0.0,0.0,1.0,1788766712-0001,32.0643,105.20,1.1420,2.27,60.0,32.06,1.142,0.00,0.2,0.1,1.2,0.0,1.096,0.4251,0,9a8db047-fa8560c4-86784,1,25.8,OK,V2.54,DynamicABS,V2.54_DynamicABS_60mph_rep1_1788766712-0001_2khz.csv
00:38:51,shootout,etk800,DynamicABS1.pc,straight,2,60,0.0,0.0,1.0,1788766752-0002,32.1786,105.57,1.1380,2.27,60.0,32.18,1.138,0.00,0.2,0.1,1.3,0.0,1.154,0.4664,0,9a8db047-fa8560c4-86784,1,31.2,OK,V2.54,DynamicABS,V2.54_DynamicABS_60mph_rep2_1788766752-0002_2khz.csv
00:39:31,shootout,etk800,DynamicABS1.pc,straight,3,60,0.0,0.0,1.0,1788766785-0003,32.2979,105.96,1.1338,2.27,60.0,32.30,1.134,0.00,0.2,0.1,1.1,0.0,1.143,0.3974,0,9a8db047-fa8560c4-86784,1,21.4,OK,V2.54,DynamicABS,V2.54_DynamicABS_60mph_rep3_1788766785-0003_2khz.csv
00:39:58,shootout,etk800,DynamicABS1.pc,straight,1,120,0.0,0.0,1.0,1788766817-0004,123.8745,406.41,1.1837,4.51,120.0,123.88,1.184,0.00,0.2,0.2,2.1,0.0,2.474,0.1880,0,9a8db047-fa8560c4-86784,1,26.8,OK,V2.54,DynamicABS,V2.54_DynamicABS_120mph_rep1_1788766817-0004_2khz.csv
00:40:31,shootout,etk800,DynamicABS1.pc,straight,2,120,0.0,0.0,1.0,1788766850-0005,124.1723,407.39,1.1808,4.51,120.0,124.17,1.181,0.00,0.2,0.2,2.3,0.0,2.447,0.2062,0,9a8db047-fa8560c4-86784,1,25.9,OK,V2.54,DynamicABS,V2.54_DynamicABS_120mph_rep2_1788766850-0005_2khz.csv
00:41:03,shootout,etk800,DynamicABS1.pc,straight,3,120,0.0,0.0,1.0,1788766881-0006,124.0639,407.03,1.1818,4.51,120.0,124.07,1.182,0.00,0.2,0.2,2.3,0.0,2.449,0.2034,0,9a8db047-fa8560c4-86784,1,25.9,OK,V2.54,DynamicABS,V2.54_DynamicABS_120mph_rep3_1788766881-0006_2khz.csv
00:41:58,shootout,etk800,DynamicABS1.pc,straight,1,60,0.0,0.0,1.0,1788766935-0001,31.6790,103.93,1.1559,2.25,60.0,31.68,1.156,0.00,0.2,0.1,1.2,0.0,1.181,0.4384,0,789a0da8-29859099-88782,1,24.3,OK,V2.55,DynamicABS,V2.55_DynamicABS_60mph_rep1_1788766935-0001_2khz.csv
00:42:29,shootout,etk800,DynamicABS1.pc,straight,2,60,0.0,0.0,1.0,1788766966-0002,31.6453,103.82,1.1572,2.25,60.0,31.65,1.157,0.00,0.2,0.1,1.1,0.0,1.147,0.4146,0,789a0da8-29859099-88782,1,24.1,OK,V2.55,DynamicABS,V2.55_DynamicABS_60mph_rep2_1788766966-0002_2khz.csv
00:42:59,shootout,etk800,DynamicABS1.pc,straight,3,60,0.0,0.0,1.0,1788766997-0003,32.3612,106.17,1.1316,2.27,60.0,32.36,1.132,0.00,0.2,0.1,1.1,0.0,1.128,0.3890,0,789a0da8-29859099-88782,1,25.1,OK,V2.55,DynamicABS,V2.55_DynamicABS_60mph_rep3_1788766997-0003_2khz.csv
00:43:30,shootout,etk800,DynamicABS1.pc,straight,1,120,0.0,0.0,1.0,1788767031-0004,124.0631,407.03,1.1819,4.51,120.0,124.06,1.182,0.00,0.2,0.2,2.3,0.0,2.476,0.2034,0,789a0da8-29859099-88782,1,27.7,OK,V2.55,DynamicABS,V2.55_DynamicABS_120mph_rep1_1788767031-0004_2khz.csv
00:44:07,shootout,etk800,DynamicABS1.pc,straight,2,120,0.0,0.0,1.0,1788767069-0005,125.5648,411.96,1.1677,4.54,120.0,125.57,1.168,0.00,0.2,0.2,2.3,0.0,2.469,0.2071,0,789a0da8-29859099-88782,1,30.8,OK,V2.55,DynamicABS,V2.55_DynamicABS_120mph_rep2_1788767069-0005_2khz.csv
00:44:44,shootout,etk800,DynamicABS1.pc,straight,3,120,0.0,0.0,1.0,1788767106-0006,124.3686,408.03,1.1789,4.52,120.0,124.37,1.179,0.00,0.2,0.2,2.3,0.0,2.459,0.2014,0,789a0da8-29859099-88782,1,31.2,OK,V2.55,DynamicABS,V2.55_DynamicABS_120mph_rep3_1788767106-0006_2khz.csv
00:45:46,shootout,etk800,DynamicABS1.pc,straight,1,60,0.0,0.0,1.0,1788767163-0001,31.6289,103.77,1.1577,2.24,60.0,31.63,1.158,0.00,0.2,0.1,1.1,0.0,1.164,0.4224,0,bf7f18b6-164dbc51-89072,1,23.5,OK,V2.56,DynamicABS,V2.56_DynamicABS_60mph_rep1_1788767163-0001_2khz.csv
00:46:15,shootout,etk800,DynamicABS1.pc,straight,2,60,0.0,0.0,1.0,1788767192-0002,32.2833,105.92,1.1343,2.27,60.0,32.28,1.134,0.00,0.2,0.1,1.2,0.0,1.164,0.4456,0,bf7f18b6-164dbc51-89072,1,26.7,OK,V2.56,DynamicABS,V2.56_DynamicABS_60mph_rep2_1788767192-0002_2khz.csv
00:46:51,shootout,etk800,DynamicABS1.pc,straight,3,60,0.0,0.0,1.0,1788767230-0003,31.6956,103.99,1.1553,2.25,60.0,31.70,1.155,0.00,0.2,0.1,1.1,0.0,1.146,0.4201,0,bf7f18b6-164dbc51-89072,1,26.7,OK,V2.56,DynamicABS,V2.56_DynamicABS_60mph_rep3_1788767230-0003_2khz.csv
00:47:24,shootout,etk800,DynamicABS1.pc,straight,1,120,0.0,0.0,1.0,1788767265-0004,124.3709,408.04,1.1789,4.51,120.0,124.37,1.179,0.00,0.2,0.2,2.4,0.0,2.441,0.2172,0,bf7f18b6-164dbc51-89072,1,27.9,OK,V2.56,DynamicABS,V2.56_DynamicABS_120mph_rep1_1788767265-0004_2khz.csv
00:47:59,shootout,etk800,DynamicABS1.pc,straight,2,120,0.0,0.0,1.0,1788767298-0005,125.2416,410.90,1.1707,4.54,120.0,125.24,1.171,0.00,0.2,0.2,2.3,0.0,2.478,0.2040,0,bf7f18b6-164dbc51-89072,1,27.0,OK,V2.56,DynamicABS,V2.56_DynamicABS_120mph_rep2_1788767298-0005_2khz.csv
00:48:32,shootout,etk800,DynamicABS1.pc,straight,3,120,0.0,0.0,1.0,1788767331-0006,125.3932,411.39,1.1693,4.53,120.0,125.39,1.169,0.00,0.2,0.2,2.3,0.0,2.428,0.2029,0,bf7f18b6-164dbc51-89072,1,26.4,OK,V2.56,DynamicABS,V2.56_DynamicABS_120mph_rep3_1788767331-0006_2khz.csv
00:49:26,shootout,etk800,StockABS1.pc,straight,1,60,0.0,0.0,1.0,1788767382-0001,33.1820,108.86,1.1035,2.32,60.0,33.18,1.104,0.00,0.2,0.1,0.8,0.0,1.120,0.2781,0,,0,21.8,OK,stock_ref_7,StockABS,
00:49:54,shootout,etk800,StockABS1.pc,straight,2,60,0.0,0.0,1.0,1788767411-0002,32.7292,107.38,1.1188,2.31,60.0,32.73,1.119,0.00,0.2,0.1,0.9,0.0,1.102,0.3241,0,,0,22.8,OK,stock_ref_7,StockABS,
00:50:23,shootout,etk800,StockABS1.pc,straight,3,60,0.0,0.0,1.0,1788767438-0003,33.3725,109.49,1.0973,2.34,60.0,33.37,1.097,0.00,0.2,0.1,0.8,0.0,1.127,0.2846,0,,0,20.9,OK,stock_ref_7,StockABS,
00:50:50,shootout,etk800,StockABS1.pc,straight,1,120,0.0,0.0,1.0,1788767468-0004,126.1860,414.00,1.1620,4.57,120.0,126.19,1.162,0.00,0.2,0.2,2.0,0.0,2.545,0.1772,0,,0,24.7,OK,stock_ref_7,StockABS,
00:51:20,shootout,etk800,StockABS1.pc,straight,2,120,0.0,0.0,1.0,1788767498-0005,126.4454,414.85,1.1596,4.57,120.0,126.45,1.160,0.00,0.2,0.2,2.1,0.0,2.531,0.1820,0,,0,23.7,OK,stock_ref_7,StockABS,
00:51:50,shootout,etk800,StockABS1.pc,straight,3,120,0.0,0.0,1.0,1788767527-0006,125.9311,413.16,1.1643,4.56,120.0,125.93,1.164,0.00,0.2,0.2,2.0,0.0,2.555,0.1752,0,,0,23.3,OK,stock_ref_7,StockABS,
