ts,area,label,stop,mph,approach_m,runID,dist_m,avg_g,gear,rpm,dmg,status,snaps,undos,reanchors,air,gate,d2offF,d2offR,d2steps,d2c,onset,fgDumps,deepP,deepK,deepX,deepT,deepF,deepA,deepBase,deepMeas,deepN,deepExit
02:51:10,3,Ice,1,40,129.1,1788774682-0001,48.4108,0.3356,D,3983,0,OK,,,,,,0.0000,0.0000,,0.000,,,,,,0.00,,,0.000,0.000,,
02:51:45,3,Ice,2,40,134.0,1788774718-0002,52.4926,0.3095,D,4618,0,OK,,,,,,0.0000,0.0000,,0.000,,,,,,0.00,,,0.000,0.000,,
02:52:23,4,Grass,1,60,116.3,1788774753-0003,51.3167,0.7136,D,6070,149,OK,,,,,,0.0000,0.0000,,0.000,,,,,,0.00,,,0.000,0.000,,
02:52:56,4,Grass,2,60,135.1,1788774787-0004,56.5797,0.6472,D,5227,203,OK,,,,,,0.0000,0.0000,,0.000,,,,,,0.00,,,0.000,0.000,,
02:53:29,5,Sand,1,60,120.2,1788774820-0005,51.4155,0.7122,D,6070,34,OK,,,,,,0.0000,0.0000,,0.000,,,,,,0.00,,,0.000,0.000,,
02:54:03,5,Sand,2,60,136.0,1788774854-0006,53.1889,0.6884,D,5429,128,OK,,,,,,0.0000,0.0000,,0.000,,,,,,0.00,,,0.000,0.000,,
02:54:36,6,incline_15deg,1,45,70.5,1788774885-0007,11.5940,1.7747,D,4721,1,OK,,,,,,0.0000,0.0000,,0.000,,,,,,0.00,,,0.000,0.000,,
02:55:06,7,incline_35deg,1,45,88.8,1788774916-0008,13.1190,1.5684,D,4441,40,OK,,,,,,0.0000,0.0000,,0.000,,,,,,0.00,,,0.000,0.000,,
02:55:35,8,smalljump,1,30,73.4,1788774946-0009,14.1006,0.6465,D,4944,343,OK,,,,,,0.0000,0.0000,,0.000,,,,,,0.00,,,0.000,0.000,,
02:56:06,8,smalljump,2,30,77.4,1788774978-0010,10.5936,0.8606,D,4127,402,OK,,,,,,0.0000,0.0000,,0.000,,,,,,0.00,,,0.000,0.000,,
02:56:38,8,smalljump,3,30,82.3,1788775009-0011,13.5108,0.6748,D,7188,378,OK,,,,,,0.0000,0.0000,,0.000,,,,,,0.00,,,0.000,0.000,,
02:57:10,9,Bump1,1,40,80.1,1788775040-0012,14.6010,1.1127,D,4332,160,OK,,,,,,0.0000,0.0000,,0.000,,,,,,0.00,,,0.000,0.000,,
02:57:40,9,Bump1,2,40,97.1,1788775071-0013,14.1852,1.1453,D,2993,289,OK,,,,,,0.0000,0.0000,,0.000,,,,,,0.00,,,0.000,0.000,,
02:58:12,10,bumpyboy1,1,30,58.3,1788775101-0014,6.5860,1.3843,D,5361,0,OK,,,,,,0.0000,0.0000,,0.000,,,,,,0.00,,,0.000,0.000,,
02:58:41,10,bumpyboy1,2,30,105.9,1788775134-0015,6.5240,1.3974,D,5189,0,OK,,,,,,0.0000,0.0000,,0.000,,,,,,0.00,,,0.000,0.000,,
02:59:13,11,bumpyboy2,1,25,42.7,1788775163-0016,7.6835,0.8220,D,3864,123,OK,,,,,,0.0000,0.0000,,0.000,,,,,,0.00,,,0.000,0.000,,
02:59:43,11,bumpyboy2,2,25,57.2,1788775193-0017,4.3586,1.4490,D,3392,135,OK,,,,,,0.0000,0.0000,,0.000,,,,,,0.00,,,0.000,0.000,,
03:00:13,11,bumpyboy2,3,25,86.4,1788775226-0018,,,,,2984,DAMAGED dmg=2984,,,,,,,,,,,,,,,,,,,,,
03:00:30,3,Ice,1,40,129.1,1788775243-0019,47.8619,0.3395,D,3990,0,OK,,,,,,0.0000,0.0000,,0.000,,,,,,0.00,,,0.000,0.000,,
03:01:05,3,Ice,2,40,134.0,1788775278-0020,52.9591,0.3068,D,4643,0,OK,,,,,,0.0000,0.0000,,0.000,,,,,,0.00,,,0.000,0.000,,
03:01:41,4,Grass,1,60,116.3,1788775312-0021,50.1228,0.7306,D,6071,94,OK,,,,,,0.0000,0.0000,,0.000,,,,,,0.00,,,0.000,0.000,,
03:02:14,4,Grass,2,60,135.1,1788775345-0022,55.6408,0.6581,D,5235,186,OK,,,,,,0.0000,0.0000,,0.000,,,,,,0.00,,,0.000,0.000,,
03:02:48,5,Sand,1,60,120.2,1788775379-0023,51.2793,0.7141,D,6007,40,OK,,,,,,0.0000,0.0000,,0.000,,,,,,0.00,,,0.000,0.000,,
03:03:21,5,Sand,2,60,136.0,1788775412-0024,53.2139,0.6881,D,5323,67,OK,,,,,,0.0000,0.0000,,0.000,,,,,,0.00,,,0.000,0.000,,
03:03:55,6,incline_15deg,1,45,70.5,1788775444-0025,11.6306,1.7691,D,4724,1,OK,,,,,,0.0000,0.0000,,0.000,,,,,,0.00,,,0.000,0.000,,
03:04:23,7,incline_35deg,1,45,88.8,1788775473-0026,12.9743,1.5859,D,4526,28,OK,,,,,,0.0000,0.0000,,0.000,,,,,,0.00,,,0.000,0.000,,
03:04:53,8,smalljump,1,30,73.4,1788775504-0027,14.3454,0.6355,D,4919,337,OK,,,,,,0.0000,0.0000,,0.000,,,,,,0.00,,,0.000,0.000,,
03:05:24,8,smalljump,2,30,77.4,1788775536-0028,10.0481,0.9074,D,4029,366,OK,,,,,,0.0000,0.0000,,0.000,,,,,,0.00,,,0.000,0.000,,
03:05:56,8,smalljump,3,30,82.3,1788775567-0029,12.3979,0.7353,D,5913,312,OK,,,,,,0.0000,0.0000,,0.000,,,,,,0.00,,,0.000,0.000,,
03:06:27,9,Bump1,1,40,80.1,1788775597-0030,14.9443,1.0871,D,4303,162,OK,,,,,,0.0000,0.0000,,0.000,,,,,,0.00,,,0.000,0.000,,
03:06:57,9,Bump1,2,40,97.1,1788775629-0031,14.5370,1.1176,D,3124,284,OK,,,,,,0.0000,0.0000,,0.000,,,,,,0.00,,,0.000,0.000,,
03:07:29,10,bumpyboy1,1,30,58.3,1788775659-0032,6.7955,1.3415,D,5361,0,OK,,,,,,0.0000,0.0000,,0.000,,,,,,0.00,,,0.000,0.000,,
03:07:58,10,bumpyboy1,2,30,105.9,1788775691-0033,6.4121,1.4219,D,5193,0,OK,,,,,,0.0000,0.0000,,0.000,,,,,,0.00,,,0.000,0.000,,
03:08:31,11,bumpyboy2,1,25,42.7,1788775720-0034,6.8368,0.9237,D,3921,119,OK,,,,,,0.0000,0.0000,,0.000,,,,,,0.00,,,0.000,0.000,,
03:09:00,11,bumpyboy2,2,25,57.2,1788775750-0035,4.2005,1.5035,D,3173,117,OK,,,,,,0.0000,0.0000,,0.000,,,,,,0.00,,,0.000,0.000,,
03:09:30,11,bumpyboy2,3,25,86.4,1788775782-0036,6.6258,0.9531,D,3260,279,OK,,,,,,0.0000,0.0000,,0.000,,,,,,0.00,,,0.000,0.000,,
03:10:02,3,Ice,1,40,129.1,1788775815-0037,48.2389,0.3368,D,3956,0,OK,,,,,,0.0000,0.0000,,0.000,,,,,,0.00,,,0.000,0.000,,
03:10:38,3,Ice,2,40,134.0,1788775851-0038,52.3147,0.3105,D,4679,0,OK,,,,,,0.0000,0.0000,,0.000,,,,,,0.00,,,0.000,0.000,,
03:11:16,4,Grass,1,60,116.3,1788775886-0039,49.9191,0.7335,D,6061,94,OK,,,,,,0.0000,0.0000,,0.000,,,,,,0.00,,,0.000,0.000,,
03:11:48,4,Grass,2,60,135.1,1788775920-0040,55.1975,0.6634,D,5298,204,OK,,,,,,0.0000,0.0000,,0.000,,,,,,0.00,,,0.000,0.000,,
03:12:22,5,Sand,1,60,120.2,1788775953-0041,51.6644,0.7088,D,6017,35,OK,,,,,,0.0000,0.0000,,0.000,,,,,,0.00,,,0.000,0.000,,
03:12:55,5,Sand,2,60,136.0,1788775986-0042,52.5327,0.6971,D,5394,51,OK,,,,,,0.0000,0.0000,,0.000,,,,,,0.00,,,0.000,0.000,,
03:13:29,6,incline_15deg,1,45,70.5,1788776018-0043,11.6186,1.7709,D,4723,1,OK,,,,,,0.0000,0.0000,,0.000,,,,,,0.00,,,0.000,0.000,,
03:13:59,7,incline_35deg,1,45,88.8,1788776049-0044,13.0353,1.5784,D,4469,37,OK,,,,,,0.0000,0.0000,,0.000,,,,,,0.00,,,0.000,0.000,,
03:14:28,8,smalljump,1,30,73.4,1788776079-0045,14.2108,0.6415,D,4865,353,OK,,,,,,0.0000,0.0000,,0.000,,,,,,0.00,,,0.000,0.000,,
03:15:00,8,smalljump,2,30,77.4,1788776111-0046,10.0272,0.9092,D,3892,370,OK,,,,,,0.0000,0.0000,,0.000,,,,,,0.00,,,0.000,0.000,,
03:15:31,8,smalljump,3,30,82.3,1788776142-0047,14.0944,0.6468,D,7105,386,OK,,,,,,0.0000,0.0000,,0.000,,,,,,0.00,,,0.000,0.000,,
03:16:03,9,Bump1,1,40,80.1,1788776173-0048,14.8160,1.0966,D,4335,159,OK,,,,,,0.0000,0.0000,,0.000,,,,,,0.00,,,0.000,0.000,,
03:16:33,9,Bump1,2,40,97.1,1788776205-0049,15.7022,1.0347,D,3442,251,OK,,,,,,0.0000,0.0000,,0.000,,,,,,0.00,,,0.000,0.000,,
03:17:05,10,bumpyboy1,1,30,58.3,1788776235-0050,6.6133,1.3785,D,5360,0,OK,,,,,,0.0000,0.0000,,0.000,,,,,,0.00,,,0.000,0.000,,
03:17:35,10,bumpyboy1,2,30,105.9,1788776268-0051,6.3430,1.4373,D,5211,0,OK,,,,,,0.0000,0.0000,,0.000,,,,,,0.00,,,0.000,0.000,,
03:18:08,11,bumpyboy2,1,25,42.7,1788776297-0052,6.4846,0.9739,D,3897,69,FAIL: brake_cmd.txt was never consumed — is BeamNG.drive running with the BrakeTestMod enabled? (absCmdChannel polls every 0.25s),,,,,,0.0000,0.0000,,0.000,,,,,,0.00,,,0.000,0.000,,
