ts,phase,car,config,mode,rep,mph,steer1,steer2,brake,runID,dist_m,dist_ft,avg_g,duration_s,actual_start_mph,arc_m,arc_g,steer_input,wheel_angle_deg,understeer_deg,yaw_deg,acs,dmg,codekey,tele_files,wall_s,status
15:41:59,straight,DynamicABS,DynamicABS1.pc,straight,1,60,0.0,0.0,1.0,1788648132-0001,30.4363,99.86,1.2031,2.20,60.0,30.44,1.203,0.00,0.2,0.1,1.1,0.0,0,ba2f3327-f04f27a6-108632,1,17.5,OK
15:42:17,straight,DynamicABS,DynamicABS1.pc,straight,1,80,0.0,0.0,1.0,1788648150-0002,53.9356,176.95,1.2077,2.95,80.0,53.94,1.208,0.00,0.2,0.2,1.2,0.0,0,ba2f3327-f04f27a6-108632,1,18.3,OK
15:42:35,straight,DynamicABS,DynamicABS1.pc,straight,1,120,0.0,0.0,1.0,1788648170-0003,121.7055,399.30,1.2047,4.45,120.0,121.71,1.205,0.00,0.2,0.2,2.1,0.0,0,ba2f3327-f04f27a6-108632,1,19.8,OK
15:42:55,straight,DynamicABS,DynamicABS1.pc,straight,1,160,0.0,0.0,1.0,1788648192-0004,215.1020,705.72,1.2120,5.94,160.0,215.10,1.212,0.00,0.2,0.2,2.8,0.0,0,ba2f3327-f04f27a6-108632,1,23.8,OK
15:43:44,straight,StockABS,StockABS1.pc,straight,1,60,0.0,0.0,1.0,1788648236-0001,31.4786,103.28,1.1633,2.27,60.0,31.48,1.163,0.00,0.2,0.1,1.0,0.0,0,,0,16.9,OK
15:44:01,straight,StockABS,StockABS1.pc,straight,1,80,0.0,0.0,1.0,1788648253-0002,54.7512,179.63,1.1897,3.00,80.0,54.75,1.190,0.00,0.2,0.2,1.2,0.0,0,,0,17.0,OK
15:44:18,straight,StockABS,StockABS1.pc,straight,1,120,0.0,0.0,1.0,1788648272-0003,122.2549,401.10,1.1993,4.49,120.0,122.26,1.199,0.00,0.2,0.2,2.0,0.0,0,,0,19.4,OK
15:44:37,straight,StockABS,StockABS1.pc,straight,1,160,0.0,0.0,1.0,1788648294-0004,216.9097,711.65,1.2019,6.00,160.0,216.91,1.202,0.00,0.2,0.2,2.8,0.0,0,,0,22.2,OK
15:45:23,straight,DynamicABS,DynamicABS1.pc,straight,2,60,0.0,0.0,1.0,1788648336-0001,32.5952,106.94,1.1234,2.30,60.0,32.60,1.123,0.00,0.2,0.1,2.0,0.0,0,ba2f3327-f04f27a6-108632,1,18.4,OK
15:45:42,straight,DynamicABS,DynamicABS1.pc,straight,2,80,0.0,0.0,1.0,1788648355-0002,54.0111,177.20,1.2060,2.95,80.0,54.01,1.206,0.00,0.2,0.2,1.3,0.0,0,ba2f3327-f04f27a6-108632,1,18.6,OK
15:46:01,straight,DynamicABS,DynamicABS1.pc,straight,2,120,0.0,0.0,1.0,1788648375-0003,121.8174,399.66,1.2036,4.46,120.0,121.82,1.204,0.00,0.2,0.2,2.4,0.0,0,ba2f3327-f04f27a6-108632,1,20.1,OK
15:46:21,straight,DynamicABS,DynamicABS1.pc,straight,2,160,0.0,0.0,1.0,1788648398-0004,214.9958,705.37,1.2126,5.94,160.0,215.00,1.213,0.00,0.2,0.2,2.8,0.0,0,ba2f3327-f04f27a6-108632,1,24.1,OK
15:47:09,straight,StockABS,StockABS1.pc,straight,2,60,0.0,0.0,1.0,1788648442-0001,31.2801,102.62,1.1706,2.26,60.0,31.28,1.171,0.00,0.2,0.1,0.9,0.0,0,,0,17.1,OK
15:47:27,straight,StockABS,StockABS1.pc,straight,2,80,0.0,0.0,1.0,1788648459-0002,54.6225,179.21,1.1925,3.00,80.0,54.62,1.193,0.00,0.2,0.2,1.1,0.0,0,,0,17.0,OK
15:47:44,straight,StockABS,StockABS1.pc,straight,2,120,0.0,0.0,1.0,1788648478-0003,122.2419,401.06,1.1995,4.49,120.0,122.24,1.199,0.00,0.2,0.2,2.1,0.0,0,,0,18.4,OK
15:48:02,straight,StockABS,StockABS1.pc,straight,2,160,0.0,0.0,1.0,1788648499-0004,216.7250,711.04,1.2029,6.01,160.0,216.73,1.203,0.00,0.3,0.2,2.9,0.0,0,,0,21.3,OK
15:48:48,straight,DynamicABS,DynamicABS1.pc,straight,3,60,0.0,0.0,1.0,1788648541-0001,30.4404,99.87,1.2030,2.19,60.0,30.44,1.203,0.00,0.2,0.2,0.8,0.0,0,ba2f3327-f04f27a6-108632,1,18.4,OK
15:49:06,straight,DynamicABS,DynamicABS1.pc,straight,3,80,0.0,0.0,1.0,1788648560-0002,53.9757,177.09,1.2068,2.94,80.0,53.98,1.207,0.00,0.2,0.2,1.2,0.0,0,ba2f3327-f04f27a6-108632,1,18.6,OK
15:49:25,straight,DynamicABS,DynamicABS1.pc,straight,3,120,0.0,0.0,1.0,1788648580-0003,121.7599,399.47,1.2042,4.46,120.0,121.76,1.204,0.00,0.2,0.2,2.1,0.0,0,ba2f3327-f04f27a6-108632,1,20.2,OK
15:49:45,straight,DynamicABS,DynamicABS1.pc,straight,3,160,0.0,0.0,1.0,1788648602-0004,214.9877,705.34,1.2127,5.94,160.0,214.99,1.213,0.00,0.2,0.2,2.8,0.0,0,ba2f3327-f04f27a6-108632,1,24.0,OK
15:50:34,straight,StockABS,StockABS1.pc,straight,3,60,0.0,0.0,1.0,1788648646-0001,31.2835,102.64,1.1705,2.25,60.0,31.28,1.171,0.00,0.2,0.1,0.8,0.0,0,,0,16.8,OK
15:50:51,straight,StockABS,StockABS1.pc,straight,3,80,0.0,0.0,1.0,1788648663-0002,54.5888,179.10,1.1933,2.99,80.0,54.59,1.193,0.00,0.2,0.2,1.3,0.0,0,,0,16.7,OK
15:51:08,straight,StockABS,StockABS1.pc,straight,3,120,0.0,0.0,1.0,1788648681-0003,122.1268,400.68,1.2006,4.48,120.0,122.13,1.201,0.00,0.3,0.2,2.0,0.0,0,,0,19.2,OK
15:51:27,straight,StockABS,StockABS1.pc,straight,3,160,0.0,0.0,1.0,1788648703-0004,216.7017,710.96,1.2031,6.00,160.0,216.70,1.203,0.00,0.3,0.2,2.9,0.0,0,,0,21.9,OK
15:52:13,straight,DynamicABS,DynamicABS1.pc,straight,4,60,0.0,0.0,1.0,1788648746-0001,30.4373,99.86,1.2031,2.19,60.0,30.44,1.203,0.00,0.2,0.1,1.0,0.0,0,ba2f3327-f04f27a6-108632,1,17.2,OK
15:52:30,straight,DynamicABS,DynamicABS1.pc,straight,4,80,0.0,0.0,1.0,1788648764-0002,53.9241,176.92,1.2080,2.94,80.0,53.92,1.208,0.00,0.2,0.2,1.2,0.0,0,ba2f3327-f04f27a6-108632,1,18.3,OK
15:52:49,straight,DynamicABS,DynamicABS1.pc,straight,4,120,0.0,0.0,1.0,1788648783-0003,121.6932,399.26,1.2049,4.45,120.0,121.69,1.205,0.00,0.2,0.2,2.4,0.0,0,ba2f3327-f04f27a6-108632,1,20.0,OK
15:53:09,straight,DynamicABS,DynamicABS1.pc,straight,4,160,0.0,0.0,1.0,1788648806-0004,215.3136,706.41,1.2108,5.95,160.0,215.32,1.211,0.00,0.3,0.2,3.0,0.0,0,ba2f3327-f04f27a6-108632,1,24.1,OK
15:53:57,straight,StockABS,StockABS1.pc,straight,4,60,0.0,0.0,1.0,1788648850-0001,31.2858,102.64,1.1704,2.25,60.0,31.29,1.170,0.00,0.2,0.2,0.8,0.0,0,,0,16.3,OK
15:54:14,straight,StockABS,StockABS1.pc,straight,4,80,0.0,0.0,1.0,1788648867-0002,54.5928,179.11,1.1932,2.99,80.0,54.59,1.193,0.00,0.2,0.2,1.3,0.0,0,,0,17.1,OK
15:54:31,straight,StockABS,StockABS1.pc,straight,4,120,0.0,0.0,1.0,1788648885-0003,122.2587,401.11,1.1993,4.49,120.0,122.26,1.199,0.00,0.3,0.2,2.0,0.0,0,,0,18.6,OK
15:54:49,straight,StockABS,StockABS1.pc,straight,4,160,0.0,0.0,1.0,1788648906-0004,216.7761,711.21,1.2026,6.00,160.0,216.78,1.203,0.00,0.2,0.2,3.0,0.0,0,,0,22.4,OK
15:55:36,straight,DynamicABS,DynamicABS1.pc,straight,5,60,0.0,0.0,1.0,1788648949-0001,30.4067,99.76,1.2043,2.19,60.0,30.41,1.204,0.00,0.2,0.1,0.9,0.0,0,ba2f3327-f04f27a6-108632,1,18.9,OK
15:55:55,straight,DynamicABS,DynamicABS1.pc,straight,5,80,0.0,0.0,1.0,1788648969-0002,53.9736,177.08,1.2069,2.94,80.0,53.97,1.207,0.00,0.2,0.2,1.4,0.0,0,ba2f3327-f04f27a6-108632,1,18.9,OK
15:56:14,straight,DynamicABS,DynamicABS1.pc,straight,5,120,0.0,0.0,1.0,1788648988-0003,121.6877,399.24,1.2049,4.46,120.0,121.69,1.205,0.00,0.2,0.2,2.2,0.0,0,ba2f3327-f04f27a6-108632,1,19.8,OK
15:56:34,straight,DynamicABS,DynamicABS1.pc,straight,5,160,0.0,0.0,1.0,1788649011-0004,215.0360,705.50,1.2124,5.94,160.0,215.04,1.212,0.00,0.2,0.2,2.8,0.0,0,ba2f3327-f04f27a6-108632,1,24.2,OK
15:57:22,straight,StockABS,StockABS1.pc,straight,5,60,0.0,0.0,1.0,1788649054-0001,31.3797,102.95,1.1669,2.26,60.0,31.38,1.167,0.00,0.2,0.2,0.8,0.0,0,,0,15.5,OK
15:57:38,straight,StockABS,StockABS1.pc,straight,5,80,0.0,0.0,1.0,1788649070-0002,54.6582,179.32,1.1917,2.99,80.0,54.66,1.192,0.00,0.2,0.2,1.2,0.0,0,,0,17.6,OK
15:57:55,straight,StockABS,StockABS1.pc,straight,5,120,0.0,0.0,1.0,1788649089-0003,122.2408,401.05,1.1995,4.49,120.0,122.24,1.199,0.00,0.3,0.2,1.9,0.0,0,,0,18.2,OK
15:58:13,straight,StockABS,StockABS1.pc,straight,5,160,0.0,0.0,1.0,1788649110-0004,216.7483,711.12,1.2028,6.01,160.0,216.75,1.203,0.00,0.2,0.2,3.0,0.0,0,,0,21.7,OK
15:58:59,straight,DynamicABS,DynamicABS1.pc,straight,6,60,0.0,0.0,1.0,1788649152-0001,30.4135,99.78,1.2040,2.19,60.0,30.41,1.204,0.00,0.2,0.1,0.9,0.0,0,ba2f3327-f04f27a6-108632,1,17.0,OK
15:59:17,straight,DynamicABS,DynamicABS1.pc,straight,6,80,0.0,0.0,1.0,1788649169-0002,53.9438,176.98,1.2075,2.94,80.0,53.94,1.208,0.00,0.2,0.2,1.4,0.0,0,ba2f3327-f04f27a6-108632,1,17.9,OK
15:59:34,straight,DynamicABS,DynamicABS1.pc,straight,6,120,0.0,0.0,1.0,1788649189-0003,121.5461,398.77,1.2063,4.45,120.0,121.55,1.206,0.00,0.2,0.2,2.2,0.0,0,ba2f3327-f04f27a6-108632,1,19.7,OK
15:59:54,straight,DynamicABS,DynamicABS1.pc,straight,6,160,0.0,0.0,1.0,1788649211-0004,215.0453,705.53,1.2123,5.94,160.0,215.05,1.212,0.00,0.2,0.2,2.8,0.0,0,ba2f3327-f04f27a6-108632,1,23.6,OK
16:00:42,straight,StockABS,StockABS1.pc,straight,6,60,0.0,0.0,1.0,1788649254-0001,31.2314,102.47,1.1725,2.26,60.0,31.23,1.172,0.00,0.2,0.2,0.7,0.0,0,,0,15.9,OK
16:00:58,straight,StockABS,StockABS1.pc,straight,6,80,0.0,0.0,1.0,1788649270-0002,54.7003,179.46,1.1908,3.00,80.0,54.70,1.191,0.00,0.2,0.2,1.2,0.0,0,,0,16.5,OK
16:01:14,straight,StockABS,StockABS1.pc,straight,6,120,0.0,0.0,1.0,1788649288-0003,122.2702,401.15,1.1992,4.50,120.0,122.27,1.199,0.00,0.2,0.2,2.0,0.0,0,,0,19.1,OK
16:01:33,straight,StockABS,StockABS1.pc,straight,6,160,0.0,0.0,1.0,1788649310-0004,216.7747,711.20,1.2027,6.00,160.0,216.78,1.203,0.00,0.2,0.2,2.8,0.0,0,,0,21.6,OK
16:02:19,straight,DynamicABS,DynamicABS1.pc,straight,7,60,0.0,0.0,1.0,1788649352-0001,30.3784,99.67,1.2054,2.19,60.0,30.38,1.205,0.00,0.2,0.1,1.0,0.0,0,ba2f3327-f04f27a6-108632,1,17.8,OK
16:02:37,straight,DynamicABS,DynamicABS1.pc,straight,7,80,0.0,0.0,1.0,1788649370-0002,53.9674,177.06,1.2070,2.95,80.0,53.97,1.207,0.00,0.2,0.2,1.3,0.0,0,ba2f3327-f04f27a6-108632,1,17.9,OK
16:02:55,straight,DynamicABS,DynamicABS1.pc,straight,7,120,0.0,0.0,1.0,1788649389-0003,121.7525,399.45,1.2043,4.46,120.0,121.75,1.204,0.00,0.2,0.2,2.3,0.0,0,ba2f3327-f04f27a6-108632,1,19.7,OK
16:03:15,straight,DynamicABS,DynamicABS1.pc,straight,7,160,0.0,0.0,1.0,1788649412-0004,215.3006,706.37,1.2109,5.94,160.0,215.30,1.211,0.00,0.2,0.2,2.7,0.0,0,ba2f3327-f04f27a6-108632,1,22.6,OK
16:04:02,straight,StockABS,StockABS1.pc,straight,7,60,0.0,0.0,1.0,1788649454-0001,31.3483,102.85,1.1681,2.26,60.0,31.35,1.168,0.00,0.2,0.1,0.9,0.0,0,,0,15.7,OK
16:04:18,straight,StockABS,StockABS1.pc,straight,7,80,0.0,0.0,1.0,1788649470-0002,54.6860,179.42,1.1911,2.99,80.0,54.69,1.191,0.00,0.2,0.2,1.2,0.0,0,,0,17.4,OK
16:04:35,straight,StockABS,StockABS1.pc,straight,7,120,0.0,0.0,1.0,1788649489-0003,122.2480,401.08,1.1994,4.49,120.0,122.25,1.199,0.00,0.2,0.2,1.9,0.0,0,,0,18.9,OK
16:04:54,straight,StockABS,StockABS1.pc,straight,7,160,0.0,0.0,1.0,1788649510-0004,216.6940,710.94,1.2031,6.00,160.0,216.69,1.203,0.00,0.3,0.2,2.9,0.0,0,,0,21.6,OK
16:05:40,straight,DynamicABS,DynamicABS1.pc,straight,8,60,0.0,0.0,1.0,1788649552-0001,30.4005,99.74,1.2045,2.19,60.0,30.40,1.205,0.00,0.2,0.1,1.0,0.0,0,ba2f3327-f04f27a6-108632,1,17.0,OK
16:05:57,straight,DynamicABS,DynamicABS1.pc,straight,8,80,0.0,0.0,1.0,1788649570-0002,53.9395,176.97,1.2076,2.94,80.0,53.94,1.208,0.00,0.2,0.2,1.3,0.0,0,ba2f3327-f04f27a6-108632,1,18.1,OK
16:06:15,straight,DynamicABS,DynamicABS1.pc,straight,8,120,0.0,0.0,1.0,1788649589-0003,121.9325,400.04,1.2025,4.46,120.0,121.93,1.202,0.00,0.2,0.2,2.0,0.0,0,ba2f3327-f04f27a6-108632,1,19.7,OK
16:06:35,straight,DynamicABS,DynamicABS1.pc,straight,8,160,0.0,0.0,1.0,1788649612-0004,215.0242,705.46,1.2124,5.94,160.0,215.03,1.212,0.00,0.2,0.2,2.8,0.0,0,ba2f3327-f04f27a6-108632,1,23.7,OK
16:07:23,straight,StockABS,StockABS1.pc,straight,8,60,0.0,0.0,1.0,1788649655-0001,31.1065,102.06,1.1772,2.24,60.0,31.11,1.177,0.00,0.2,0.1,0.8,0.0,0,,0,16.5,OK
16:07:39,straight,StockABS,StockABS1.pc,straight,8,80,0.0,0.0,1.0,1788649672-0002,54.6570,179.32,1.1918,2.99,80.0,54.66,1.192,0.00,0.2,0.2,1.4,0.0,0,,0,17.4,OK
16:07:57,straight,StockABS,StockABS1.pc,straight,8,120,0.0,0.0,1.0,1788649690-0003,122.2099,400.95,1.1998,4.49,120.0,122.21,1.200,0.00,0.3,0.2,1.8,0.0,0,,0,18.8,OK
16:08:16,straight,StockABS,StockABS1.pc,straight,8,160,0.0,0.0,1.0,1788649712-0004,216.7349,711.07,1.2029,6.00,160.0,216.74,1.203,0.00,0.2,0.2,3.1,0.0,0,,0,21.4,OK
16:09:01,straight,DynamicABS,DynamicABS1.pc,straight,9,60,0.0,0.0,1.0,1788649754-0001,30.4324,99.84,1.2033,2.20,60.0,30.43,1.203,0.00,0.2,0.1,0.9,0.0,0,ba2f3327-f04f27a6-108632,1,17.0,OK
16:09:18,straight,DynamicABS,DynamicABS1.pc,straight,9,80,0.0,0.0,1.0,1788649771-0002,53.9194,176.90,1.2081,2.94,80.0,53.92,1.208,0.00,0.2,0.2,1.3,0.0,0,ba2f3327-f04f27a6-108632,1,17.9,OK
16:09:36,straight,DynamicABS,DynamicABS1.pc,straight,9,120,0.0,0.0,1.0,1788649791-0003,121.7141,399.32,1.2047,4.46,120.0,121.72,1.205,0.00,0.2,0.2,2.2,0.0,0,ba2f3327-f04f27a6-108632,1,19.9,OK
16:09:56,straight,DynamicABS,DynamicABS1.pc,straight,9,160,0.0,0.0,1.0,1788649813-0004,215.3343,706.48,1.2107,5.95,160.0,215.34,1.211,0.00,0.2,0.2,2.7,0.0,0,ba2f3327-f04f27a6-108632,1,23.7,OK
16:10:44,straight,StockABS,StockABS1.pc,straight,9,60,0.0,0.0,1.0,1788649856-0001,31.3734,102.93,1.1672,2.26,60.0,31.37,1.167,0.00,0.2,0.2,0.8,0.0,0,,0,16.5,OK
16:11:01,straight,StockABS,StockABS1.pc,straight,9,80,0.0,0.0,1.0,1788649873-0002,54.6462,179.29,1.1920,3.00,80.0,54.65,1.192,0.00,0.2,0.2,1.2,0.0,0,,0,17.3,OK
16:11:18,straight,StockABS,StockABS1.pc,straight,9,120,0.0,0.0,1.0,1788649892-0003,122.1752,400.84,1.2001,4.49,120.0,122.18,1.200,0.00,0.3,0.2,1.9,0.0,0,,0,19.0,OK
16:11:37,straight,StockABS,StockABS1.pc,straight,9,160,0.0,0.0,1.0,1788649913-0004,216.6622,710.83,1.2033,6.00,160.0,216.66,1.203,0.00,0.2,0.2,2.9,0.0,0,,0,21.7,OK
16:12:23,straight,DynamicABS,DynamicABS1.pc,straight,10,60,0.0,0.0,1.0,1788649956-0001,30.4785,100.00,1.2014,2.20,60.0,30.48,1.201,0.00,0.2,0.1,1.1,0.0,0,ba2f3327-f04f27a6-108632,1,17.9,OK
16:12:41,straight,DynamicABS,DynamicABS1.pc,straight,10,80,0.0,0.0,1.0,1788649974-0002,53.9572,177.02,1.2072,2.95,80.0,53.96,1.207,0.00,0.2,0.2,1.3,0.0,0,ba2f3327-f04f27a6-108632,1,18.0,OK
16:12:59,straight,DynamicABS,DynamicABS1.pc,straight,10,120,0.0,0.0,1.0,1788649994-0003,121.7385,399.40,1.2044,4.46,120.0,121.74,1.204,0.00,0.2,0.2,2.1,0.0,0,ba2f3327-f04f27a6-108632,1,20.6,OK
16:13:20,straight,DynamicABS,DynamicABS1.pc,straight,10,160,0.0,0.0,1.0,1788650017-0004,214.9395,705.18,1.2129,5.94,160.0,214.94,1.213,0.00,0.2,0.2,2.8,0.0,0,ba2f3327-f04f27a6-108632,1,23.5,OK
16:14:08,straight,StockABS,StockABS1.pc,straight,10,60,0.0,0.0,1.0,1788650060-0001,31.1431,102.18,1.1758,2.25,60.0,31.14,1.176,0.00,0.2,0.2,0.7,0.0,0,,0,15.8,OK
16:14:24,straight,StockABS,StockABS1.pc,straight,10,80,0.0,0.0,1.0,1788650076-0002,54.7359,179.58,1.1900,2.99,80.0,54.74,1.190,0.00,0.2,0.2,1.2,0.0,0,,0,17.4,OK
16:14:41,straight,StockABS,StockABS1.pc,straight,10,120,0.0,0.0,1.0,1788650095-0003,122.1764,400.84,1.2001,4.49,120.0,122.18,1.200,0.00,0.2,0.2,1.8,0.0,0,,0,19.0,OK
16:15:00,straight,StockABS,StockABS1.pc,straight,10,160,0.0,0.0,1.0,1788650117-0004,216.7945,711.27,1.2025,6.01,160.0,216.79,1.203,0.00,0.2,0.2,3.0,0.0,0,,0,21.7,OK
